schemaname,tablename,indexname,tablespace,indexdef
ap,pollensumgroups,pollensumgroups_pkey,NULL,CREATE UNIQUE INDEX pollensumgroups_pkey ON ap.pollensumgroups USING btree (recid)
ap,querytable,altitudeidx,NULL,CREATE INDEX altitudeidx ON ap.querytable USING btree (altitude)
ap,querytable,atyindex,NULL,CREATE INDEX atyindex ON ap.querytable USING btree (agetype)
ap,querytable,contactidindex,NULL,CREATE INDEX contactidindex ON ap.querytable USING gin (contacts gin__int_ops)
ap,querytable,datasetidindex,NULL,CREATE INDEX datasetidindex ON ap.querytable USING btree (datasetid)
ap,querytable,depenvindex,NULL,CREATE INDEX depenvindex ON ap.querytable USING btree (depenvt)
ap,querytable,dstindex,NULL,CREATE INDEX dstindex ON ap.querytable USING btree (datasettype)
ap,querytable,geoidindex,NULL,CREATE INDEX geoidindex ON ap.querytable USING gin (geopol gin__int_ops)
ap,querytable,keywordidindex,NULL,CREATE INDEX keywordidindex ON ap.querytable USING gin (keywords gin__int_ops)
ap,querytable,olderidx,NULL,CREATE INDEX olderidx ON ap.querytable USING btree (older)
ap,querytable,siteidindex,NULL,CREATE INDEX siteidindex ON ap.querytable USING btree (siteid)
ap,querytable,sitename,NULL,CREATE INDEX sitename ON ap.querytable USING gist (sitename gist_trgm_ops)
ap,querytable,spatialgeom,NULL,CREATE INDEX spatialgeom ON ap.querytable USING gist (geog)
ap,querytable,taxonidindex,NULL,CREATE INDEX taxonidindex ON ap.querytable USING gin (taxa gin__int_ops)
ap,querytable,youngeridx,NULL,CREATE INDEX youngeridx ON ap.querytable USING btree (younger)
ndb,accumulationrates,accumulationrates_pkey,NULL,"CREATE UNIQUE INDEX accumulationrates_pkey ON ndb.accumulationrates USING btree (analysisunitid, chronologyid)"
ndb,agetypes,agetypes_pkey,NULL,CREATE UNIQUE INDEX agetypes_pkey ON ndb.agetypes USING btree (agetypeid)
ndb,aggregatechronologies,aggregatechronologies_pkey,NULL,CREATE UNIQUE INDEX aggregatechronologies_pkey ON ndb.aggregatechronologies USING btree (aggregatechronid)
ndb,aggregatedatasets,aggregatedatasets_pkey,NULL,CREATE UNIQUE INDEX aggregatedatasets_pkey ON ndb.aggregatedatasets USING btree (aggregatedatasetid)
ndb,aggregateordertypes,aggregateordertypes_pkey,NULL,CREATE UNIQUE INDEX aggregateordertypes_pkey ON ndb.aggregateordertypes USING btree (aggregateordertypeid)
ndb,aggregatesampleages,aggregatesampleages_pkey,NULL,"CREATE UNIQUE INDEX aggregatesampleages_pkey ON ndb.aggregatesampleages USING btree (aggregatedatasetid, aggregatechronid, sampleageid)"
ndb,aggregatesamples,aggregatesamples_pkey,NULL,"CREATE UNIQUE INDEX aggregatesamples_pkey ON ndb.aggregatesamples USING btree (aggregatedatasetid, sampleid)"
ndb,analysisunitaltdepths,analysisunitaltdepths_pkey,NULL,"CREATE UNIQUE INDEX analysisunitaltdepths_pkey ON ndb.analysisunitaltdepths USING btree (altdepthscaleid, analysisunitid)"
ndb,analysisunitaltdepthscales,analysisunitaltdepthscales_pkey,NULL,CREATE UNIQUE INDEX analysisunitaltdepthscales_pkey ON ndb.analysisunitaltdepthscales USING btree (altdepthscaleid)
ndb,analysisunitlithostrat,analysisunitlithostrat_pkey,NULL,"CREATE UNIQUE INDEX analysisunitlithostrat_pkey ON ndb.analysisunitlithostrat USING btree (analysisunitid, lithostratid)"
ndb,analysisunits,analysisunits_collunit_idx,NULL,CREATE INDEX analysisunits_collunit_idx ON ndb.analysisunits USING btree (collectionunitid)
ndb,analysisunits,analysisunits_facies_idx,NULL,CREATE INDEX analysisunits_facies_idx ON ndb.analysisunits USING btree (faciesid)
ndb,analysisunits,analysisunits_pkey,NULL,CREATE UNIQUE INDEX analysisunits_pkey ON ndb.analysisunits USING btree (analysisunitid)
ndb,calibrationcurves,calibrationcurves_pkey,NULL,CREATE UNIQUE INDEX calibrationcurves_pkey ON ndb.calibrationcurves USING btree (calibrationcurveid)
ndb,calibrationprograms,calibrationprograms_pkey,NULL,CREATE UNIQUE INDEX calibrationprograms_pkey ON ndb.calibrationprograms USING btree (calibrationprogramid)
ndb,chroncontrolaccuracydirections,chroncontrolaccuracydirections_pkey,NULL,CREATE UNIQUE INDEX chroncontrolaccuracydirections_pkey ON ndb.chroncontrolaccuracydirections USING btree (accuracydirectionid)
ndb,chroncontrolaccuracydistributions,chroncontrolaccuracydistributions_pkey,NULL,CREATE UNIQUE INDEX chroncontrolaccuracydistributions_pkey ON ndb.chroncontrolaccuracydistributions USING btree (accuracydistributionid)
ndb,chroncontrolaccuracyranks,chroncontrolaccuracyranks_pkey,NULL,CREATE UNIQUE INDEX chroncontrolaccuracyranks_pkey ON ndb.chroncontrolaccuracyranks USING btree (accuracyrankid)
ndb,chroncontrolprecisionranks,chroncontrolprecisionranks_pkey,NULL,CREATE UNIQUE INDEX chroncontrolprecisionranks_pkey ON ndb.chroncontrolprecisionranks USING btree (precisionrankid)
ndb,chroncontrolranks,chroncontrolranks_pkey,NULL,CREATE UNIQUE INDEX chroncontrolranks_pkey ON ndb.chroncontrolranks USING btree (chroncontrolrankid)
ndb,chroncontrols,ccrchronage_idx,NULL,CREATE INDEX ccrchronage_idx ON ndb.chroncontrols USING btree (age)
ndb,chroncontrols,ccroldage_idx,NULL,CREATE INDEX ccroldage_idx ON ndb.chroncontrols USING btree (agelimitolder)
ndb,chroncontrols,ccryoungage_idx,NULL,CREATE INDEX ccryoungage_idx ON ndb.chroncontrols USING btree (agelimityounger)
ndb,chroncontrols,chroncontrols_pkey,NULL,CREATE UNIQUE INDEX chroncontrols_pkey ON ndb.chroncontrols USING btree (chroncontrolid)
ndb,chroncontrolscal14c,chroncontrolscal14c_pkey,NULL,CREATE UNIQUE INDEX chroncontrolscal14c_pkey ON ndb.chroncontrolscal14c USING btree (chroncontrolid)
ndb,chroncontroltypes,chroncontroltypes_pkey,NULL,CREATE UNIQUE INDEX chroncontroltypes_pkey ON ndb.chroncontroltypes USING btree (chroncontroltypeid)
ndb,chronologies,chroldage_idx,NULL,CREATE INDEX chroldage_idx ON ndb.chronologies USING btree (ageboundolder)
ndb,chronologies,chronologies_pkey,NULL,CREATE UNIQUE INDEX chronologies_pkey ON ndb.chronologies USING btree (chronologyid)
ndb,chronologies,chryoungage_idx,NULL,CREATE INDEX chryoungage_idx ON ndb.chronologies USING btree (ageboundyounger)
ndb,chronologies,oldage_idx,NULL,CREATE INDEX oldage_idx ON ndb.chronologies USING btree (ageboundolder)
ndb,chronologies,youngage_idx,NULL,CREATE INDEX youngage_idx ON ndb.chronologies USING btree (ageboundyounger)
ndb,collectiontypes,collectiontypes_pkey,NULL,CREATE UNIQUE INDEX collectiontypes_pkey ON ndb.collectiontypes USING btree (colltypeid)
ndb,collectionunits,collectionunits_pkey,NULL,CREATE UNIQUE INDEX collectionunits_pkey ON ndb.collectionunits USING btree (collectionunitid)
ndb,collectionunits,ix_collectionunitid_collectionunits,NULL,CREATE INDEX ix_collectionunitid_collectionunits ON ndb.collectionunits USING btree (collectionunitid) WITH (fillfactor='10')
ndb,collectionunits,ix_depenvtid_collectionunits,NULL,CREATE INDEX ix_depenvtid_collectionunits ON ndb.collectionunits USING btree (depenvtid) WITH (fillfactor='10')
ndb,collectionunits,ix_siteid_collectionunits,NULL,CREATE INDEX ix_siteid_collectionunits ON ndb.collectionunits USING btree (siteid) WITH (fillfactor='10')
ndb,collectors,collectors_pkey,NULL,CREATE UNIQUE INDEX collectors_pkey ON ndb.collectors USING btree (collectorid)
ndb,constituentdatabases,constituentdatabases_pkey,NULL,CREATE UNIQUE INDEX constituentdatabases_pkey ON ndb.constituentdatabases USING btree (databaseid)
ndb,contacts,contacts_pkey,NULL,CREATE UNIQUE INDEX contacts_pkey ON ndb.contacts USING btree (contactid)
ndb,contacts,familynames_idx,NULL,CREATE INDEX familynames_idx ON ndb.contacts USING gin (familyname gin_trgm_ops)
ndb,contactstatuses,contactstatuses_pkey,NULL,CREATE UNIQUE INDEX contactstatuses_pkey ON ndb.contactstatuses USING btree (contactstatusid)
ndb,contextsdatasettypes,contextsdatasettypes_pkey,NULL,"CREATE UNIQUE INDEX contextsdatasettypes_pkey ON ndb.contextsdatasettypes USING btree (datasettypeid, variablecontextid)"
ndb,data,data_pkey,NULL,CREATE UNIQUE INDEX data_pkey ON ndb.data USING btree (dataid)
ndb,data,data_sample_idx,NULL,CREATE INDEX data_sample_idx ON ndb.data USING btree (sampleid)
ndb,dataprocessors,dataprocessors_pkey,NULL,"CREATE UNIQUE INDEX dataprocessors_pkey ON ndb.dataprocessors USING btree (datasetid, contactid)"
ndb,datasetdatabases,datasetdatabases_pkey,NULL,"CREATE UNIQUE INDEX datasetdatabases_pkey ON ndb.datasetdatabases USING btree (datasetid, databaseid)"
ndb,datasetdatabases,ix_datasetid_datasetdatabases,NULL,CREATE INDEX ix_datasetid_datasetdatabases ON ndb.datasetdatabases USING btree (datasetid) WITH (fillfactor='10')
ndb,datasetdatabases,ix_projectid_datasetdatabases,NULL,CREATE INDEX ix_projectid_datasetdatabases ON ndb.datasetdatabases USING btree (databaseid) WITH (fillfactor='10')
ndb,datasetdoi,datasetdoi_pkey,NULL,"CREATE UNIQUE INDEX datasetdoi_pkey ON ndb.datasetdoi USING btree (datasetid, doi)"
ndb,datasetpis,datasetpis_pkey,NULL,"CREATE UNIQUE INDEX datasetpis_pkey ON ndb.datasetpis USING btree (datasetid, contactid)"
ndb,datasetpis,ix_contactid_datasetpis,NULL,CREATE INDEX ix_contactid_datasetpis ON ndb.datasetpis USING btree (contactid) WITH (fillfactor='10')
ndb,datasetpis,ix_datasetid_datasetpis,NULL,CREATE INDEX ix_datasetid_datasetpis ON ndb.datasetpis USING btree (datasetid) WITH (fillfactor='10')
ndb,datasetpublications,datasetpublications_pkey,NULL,"CREATE UNIQUE INDEX datasetpublications_pkey ON ndb.datasetpublications USING btree (datasetid, publicationid)"
ndb,datasetpublications,ix_datasetid_datasetpublications,NULL,CREATE INDEX ix_datasetid_datasetpublications ON ndb.datasetpublications USING btree (datasetid) WITH (fillfactor='10')
ndb,datasetpublications,ix_publicationid_datasetpublications,NULL,CREATE INDEX ix_publicationid_datasetpublications ON ndb.datasetpublications USING btree (publicationid) WITH (fillfactor='10')
ndb,datasets,datasets_pkey,NULL,CREATE UNIQUE INDEX datasets_pkey ON ndb.datasets USING btree (datasetid)
ndb,datasets,ix_collectionunitid_datasets,NULL,CREATE INDEX ix_collectionunitid_datasets ON ndb.datasets USING btree (collectionunitid) WITH (fillfactor='10')
ndb,datasets,ix_datasettypeid_datasets,NULL,CREATE INDEX ix_datasettypeid_datasets ON ndb.datasets USING btree (datasettypeid) WITH (fillfactor='10')
ndb,datasetsubmissions,datasetsubmissions_pkey,NULL,CREATE UNIQUE INDEX datasetsubmissions_pkey ON ndb.datasetsubmissions USING btree (submissionid)
ndb,datasetsubmissions,ix_datasetid_datasetsubmissions,NULL,CREATE INDEX ix_datasetid_datasetsubmissions ON ndb.datasetsubmissions USING btree (datasetid) WITH (fillfactor='10')
ndb,datasetsubmissions,ix_projectid_datasetsubmissions,NULL,CREATE INDEX ix_projectid_datasetsubmissions ON ndb.datasetsubmissions USING btree (databaseid) WITH (fillfactor='10')
ndb,datasetsubmissiontypes,datasetsubmissiontypes_pkey,NULL,CREATE UNIQUE INDEX datasetsubmissiontypes_pkey ON ndb.datasetsubmissiontypes USING btree (submissiontypeid)
ndb,datasettaxagrouptypes,datasettaxagrouptypes_pkey,NULL,"CREATE UNIQUE INDEX datasettaxagrouptypes_pkey ON ndb.datasettaxagrouptypes USING btree (datasettypeid, taxagroupid)"
ndb,datasettaxonnotes,datasettaxonnotes_pkey,NULL,"CREATE UNIQUE INDEX datasettaxonnotes_pkey ON ndb.datasettaxonnotes USING btree (datasetid, taxonid)"
ndb,datasettypes,datasettypes_pkey,NULL,CREATE UNIQUE INDEX datasettypes_pkey ON ndb.datasettypes USING btree (datasettypeid)
ndb,datasetvariables,datasetvariables_pkey,NULL,CREATE UNIQUE INDEX datasetvariables_pkey ON ndb.datasetvariables USING btree (datasetvariableid)
ndb,datataxonnotes,datataxonnotes_pkey,NULL,CREATE UNIQUE INDEX datataxonnotes_pkey ON ndb.datataxonnotes USING btree (datataxonnotesid)
ndb,depagents,depagents_pkey,NULL,"CREATE UNIQUE INDEX depagents_pkey ON ndb.depagents USING btree (analysisunitid, depagentid)"
ndb,depagents,ix_analysisunitid_depagents,NULL,CREATE INDEX ix_analysisunitid_depagents ON ndb.depagents USING btree (analysisunitid) WITH (fillfactor='10')
ndb,depagents,ix_depagentid_depagents,NULL,CREATE INDEX ix_depagentid_depagents ON ndb.depagents USING btree (depagentid) WITH (fillfactor='10')
ndb,depagenttypes,depagenttypes_pkey,NULL,CREATE UNIQUE INDEX depagenttypes_pkey ON ndb.depagenttypes USING btree (depagentid)
ndb,depenvttypes,depenvttypes_pkey,NULL,CREATE UNIQUE INDEX depenvttypes_pkey ON ndb.depenvttypes USING btree (depenvtid)
ndb,ecolgroups,ecolgroups_pkey,NULL,"CREATE UNIQUE INDEX ecolgroups_pkey ON ndb.ecolgroups USING btree (taxonid, ecolsetid)"
ndb,ecolgroups,ix_ecolgroupid_ecolgroups,NULL,CREATE INDEX ix_ecolgroupid_ecolgroups ON ndb.ecolgroups USING btree (ecolgroupid) WITH (fillfactor='10')
ndb,ecolgroups,ix_ecolsetid_ecolgroups,NULL,CREATE INDEX ix_ecolsetid_ecolgroups ON ndb.ecolgroups USING btree (ecolsetid) WITH (fillfactor='10')
ndb,ecolgroups,ix_taxonid_ecolgroups,NULL,CREATE INDEX ix_taxonid_ecolgroups ON ndb.ecolgroups USING btree (taxonid) WITH (fillfactor='10')
ndb,ecolgrouptypes,ecolgrouptypes_pkey,NULL,CREATE UNIQUE INDEX ecolgrouptypes_pkey ON ndb.ecolgrouptypes USING btree (ecolgroupid)
ndb,ecolsettypes,ecolsettypes_pkey,NULL,CREATE UNIQUE INDEX ecolsettypes_pkey ON ndb.ecolsettypes USING btree (ecolsetid)
ndb,elementdatasettaxagroups,elementdatasettaxagroups_pkey,NULL,"CREATE UNIQUE INDEX elementdatasettaxagroups_pkey ON ndb.elementdatasettaxagroups USING btree (datasettypeid, taxagroupid, elementtypeid)"
ndb,elementmaturities,elementmaturities_pkey,NULL,CREATE UNIQUE INDEX elementmaturities_pkey ON ndb.elementmaturities USING btree (maturityid)
ndb,elementmaturities,ix_elementmaturities,NULL,CREATE UNIQUE INDEX ix_elementmaturities ON ndb.elementmaturities USING btree (maturity) WITH (fillfactor='10')
ndb,elementportions,elementportions_pkey,NULL,CREATE UNIQUE INDEX elementportions_pkey ON ndb.elementportions USING btree (portionid)
ndb,elementportions,ix_elementportions,NULL,CREATE UNIQUE INDEX ix_elementportions ON ndb.elementportions USING btree (portion) WITH (fillfactor='10')
ndb,elementsymmetries,elementsymmetries_pkey,NULL,CREATE UNIQUE INDEX elementsymmetries_pkey ON ndb.elementsymmetries USING btree (symmetryid)
ndb,elementsymmetries,ix_elementsymmetries,NULL,CREATE UNIQUE INDEX ix_elementsymmetries ON ndb.elementsymmetries USING btree (symmetry) WITH (fillfactor='10')
ndb,elementtaxagroupmaturities,elementtaxagroupmaturities_pkey,NULL,"CREATE UNIQUE INDEX elementtaxagroupmaturities_pkey ON ndb.elementtaxagroupmaturities USING btree (elementtaxagroupid, maturityid)"
ndb,elementtaxagroupportions,elementtaxagroupportions_pkey,NULL,"CREATE UNIQUE INDEX elementtaxagroupportions_pkey ON ndb.elementtaxagroupportions USING btree (elementtaxagroupid, portionid)"
ndb,elementtaxagroups,elementtaxagroups_pkey,NULL,CREATE UNIQUE INDEX elementtaxagroups_pkey ON ndb.elementtaxagroups USING btree (elementtaxagroupid)
ndb,elementtaxagroups,ix_elementtaxagrouptypes,NULL,"CREATE UNIQUE INDEX ix_elementtaxagrouptypes ON ndb.elementtaxagroups USING btree (taxagroupid, elementtypeid) WITH (fillfactor='10')"
ndb,elementtaxagroupsymmetries,elementtaxagroupsymmetries_pkey,NULL,"CREATE UNIQUE INDEX elementtaxagroupsymmetries_pkey ON ndb.elementtaxagroupsymmetries USING btree (elementtaxagroupid, symmetryid)"
ndb,elementtypes,elementtypes_pkey,NULL,CREATE UNIQUE INDEX elementtypes_pkey ON ndb.elementtypes USING btree (elementtypeid)
ndb,elementtypes,ix_elementtypes,NULL,CREATE UNIQUE INDEX ix_elementtypes ON ndb.elementtypes USING btree (elementtype) WITH (fillfactor='10')
ndb,embargo,embargo_pkey,NULL,CREATE UNIQUE INDEX embargo_pkey ON ndb.embargo USING btree (embargoid)
ndb,eventchronology,eventchronology_pkey,NULL,CREATE UNIQUE INDEX eventchronology_pkey ON ndb.eventchronology USING btree (eventchronologyid)
ndb,eventchronology,ix_analysisunitid_eventchronology,NULL,CREATE INDEX ix_analysisunitid_eventchronology ON ndb.eventchronology USING btree (analysisunitid) WITH (fillfactor='10')
ndb,eventchronology,ix_eventid_eventchronology,NULL,CREATE INDEX ix_eventid_eventchronology ON ndb.eventchronology USING btree (eventid) WITH (fillfactor='10')
ndb,eventchronology,uniqueeventset,NULL,"CREATE UNIQUE INDEX uniqueeventset ON ndb.eventchronology USING btree (analysisunitid, eventid, chroncontrolid)"
ndb,eventpublications,eventpublications_pkey,NULL,"CREATE UNIQUE INDEX eventpublications_pkey ON ndb.eventpublications USING btree (eventid, publicationid)"
ndb,events,events_pkey,NULL,CREATE UNIQUE INDEX events_pkey ON ndb.events USING btree (eventid)
ndb,eventtypes,eventtypes_pkey,NULL,CREATE UNIQUE INDEX eventtypes_pkey ON ndb.eventtypes USING btree (eventtypeid)
ndb,externaldatabases,externaldatabases_pkey,NULL,CREATE UNIQUE INDEX externaldatabases_pkey ON ndb.externaldatabases USING btree (extdatabaseid)
ndb,externalpublications,externalpublications_pkey,NULL,"CREATE UNIQUE INDEX externalpublications_pkey ON ndb.externalpublications USING btree (publicationid, extdatabaseid)"
ndb,externaltaxa,externaltaxa_pkey,NULL,"CREATE UNIQUE INDEX externaltaxa_pkey ON ndb.externaltaxa USING btree (taxonid, extdatabaseid)"
ndb,externaltaxa,ix_extdatabaseid_exttaxonid_externaltaxa,NULL,"CREATE INDEX ix_extdatabaseid_exttaxonid_externaltaxa ON ndb.externaltaxa USING btree (extdatabaseid, exttaxonid) WITH (fillfactor='10')"
ndb,faciestypes,faciestypes_pkey,NULL,CREATE UNIQUE INDEX faciestypes_pkey ON ndb.faciestypes USING btree (faciesid)
ndb,formtaxa,formtaxa_pkey,NULL,CREATE UNIQUE INDEX formtaxa_pkey ON ndb.formtaxa USING btree (formtaxonid)
ndb,fractiondated,fractiondated_pkey,NULL,CREATE UNIQUE INDEX fractiondated_pkey ON ndb.fractiondated USING btree (fractionid)
ndb,geochroncontrols,geochroncontrols_pkey,NULL,"CREATE UNIQUE INDEX geochroncontrols_pkey ON ndb.geochroncontrols USING btree (chroncontrolid, geochronid)"
ndb,geochroncontrols,ix_chroncontrolid_geochroncontrols,NULL,CREATE INDEX ix_chroncontrolid_geochroncontrols ON ndb.geochroncontrols USING btree (chroncontrolid) WITH (fillfactor='10')
ndb,geochroncontrols,ix_geochronid_geochroncontrols,NULL,CREATE INDEX ix_geochronid_geochroncontrols ON ndb.geochroncontrols USING btree (geochronid) WITH (fillfactor='10')
ndb,geochronology,geoage_idx,NULL,CREATE INDEX geoage_idx ON ndb.geochronology USING btree (age)
ndb,geochronology,geochronology_pkey,NULL,CREATE UNIQUE INDEX geochronology_pkey ON ndb.geochronology USING btree (geochronid)
ndb,geochronology,ix_sampleid_geochronology,NULL,CREATE INDEX ix_sampleid_geochronology ON ndb.geochronology USING btree (sampleid) WITH (fillfactor='10')
ndb,geochronpublications,geochronpublications_pkey,NULL,"CREATE UNIQUE INDEX geochronpublications_pkey ON ndb.geochronpublications USING btree (geochronid, publicationid)"
ndb,geochronpublications,ix_geochronid_geochronpublications,NULL,CREATE INDEX ix_geochronid_geochronpublications ON ndb.geochronpublications USING btree (geochronid) WITH (fillfactor='10')
ndb,geochronpublications,ix_publicationid_geochronpublications,NULL,CREATE INDEX ix_publicationid_geochronpublications ON ndb.geochronpublications USING btree (publicationid) WITH (fillfactor='10')
ndb,geochrontypes,geochrontypes_pkey,NULL,CREATE UNIQUE INDEX geochrontypes_pkey ON ndb.geochrontypes USING btree (geochrontypeid)
ndb,geopaths,geopaths_pkey,NULL,"CREATE UNIQUE INDEX geopaths_pkey ON ndb.geopaths USING btree (geoout, geoin)"
ndb,geopoliticalunits,geopoliticalunits_pkey,NULL,CREATE UNIQUE INDEX geopoliticalunits_pkey ON ndb.geopoliticalunits USING btree (geopoliticalid)
ndb,geopoliticalunits,ix_geopoliticalname_geopoliticalunits,NULL,CREATE INDEX ix_geopoliticalname_geopoliticalunits ON ndb.geopoliticalunits USING btree (geopoliticalname) WITH (fillfactor='10')
ndb,geopoliticalunits,ix_rank_geopoliticalunits,NULL,CREATE INDEX ix_rank_geopoliticalunits ON ndb.geopoliticalunits USING btree (rank) WITH (fillfactor='10')
ndb,isobiomarkerbandtypes,isobiomarkerbandtypes_pkey,NULL,CREATE UNIQUE INDEX isobiomarkerbandtypes_pkey ON ndb.isobiomarkerbandtypes USING btree (isobiomarkerbandtypeid)
ndb,isobiomarkertypes,isobiomarkertypes_pkey,NULL,CREATE UNIQUE INDEX isobiomarkertypes_pkey ON ndb.isobiomarkertypes USING btree (isobiomarkertypeid)
ndb,isoinstrumentation,isoinstrumentation_pkey,NULL,"CREATE UNIQUE INDEX isoinstrumentation_pkey ON ndb.isoinstrumentation USING btree (datasetid, variableid)"
ndb,isoinstrumentationtypes,isoinstrumentationtypes_pkey,NULL,CREATE UNIQUE INDEX isoinstrumentationtypes_pkey ON ndb.isoinstrumentationtypes USING btree (isoinstrumentationtypeid)
ndb,isomatanalsubstrate,isomatanalsubstrate_pkey,NULL,"CREATE UNIQUE INDEX isomatanalsubstrate_pkey ON ndb.isomatanalsubstrate USING btree (isomatanaltypeid, isosubstratetypeid)"
ndb,isomaterialanalyzedtypes,isomaterialanalyzedtypes_pkey,NULL,CREATE UNIQUE INDEX isomaterialanalyzedtypes_pkey ON ndb.isomaterialanalyzedtypes USING btree (isomatanaltypeid)
ndb,isometadata,isometadata_pkey,NULL,CREATE UNIQUE INDEX isometadata_pkey ON ndb.isometadata USING btree (isometadataid)
ndb,isopretreatmenttypes,isopretreatmenttypes_pkey,NULL,CREATE UNIQUE INDEX isopretreatmenttypes_pkey ON ndb.isopretreatmenttypes USING btree (isopretreatmenttypeid)
ndb,isosampleintrosystemtypes,isosampleintrosystemtypes_pkey,NULL,CREATE UNIQUE INDEX isosampleintrosystemtypes_pkey ON ndb.isosampleintrosystemtypes USING btree (isosampleintrosystemtypeid)
ndb,isosampleorigintypes,isosampleorigintypes_pkey,NULL,CREATE UNIQUE INDEX isosampleorigintypes_pkey ON ndb.isosampleorigintypes USING btree (isosampleorigintypeid)
ndb,isosamplepretreatments,isosamplepretreatments_pkey,NULL,"CREATE UNIQUE INDEX isosamplepretreatments_pkey ON ndb.isosamplepretreatments USING btree (dataid, isopretreatmenttypeid)"
ndb,isoscaletypes,isoscaletypes_pkey,NULL,CREATE UNIQUE INDEX isoscaletypes_pkey ON ndb.isoscaletypes USING btree (isoscaletypeid)
ndb,isospecimendata,isospecimendata_pkey,NULL,CREATE UNIQUE INDEX isospecimendata_pkey ON ndb.isospecimendata USING btree (isospecimendataid)
ndb,isosrmetadata,isosrmetadata_pkey,NULL,"CREATE UNIQUE INDEX isosrmetadata_pkey ON ndb.isosrmetadata USING btree (datasetid, variableid)"
ndb,isostandards,isostandards_pkey,NULL,"CREATE UNIQUE INDEX isostandards_pkey ON ndb.isostandards USING btree (datasetid, variableid, isostandardid)"
ndb,isostandardtypes,isostandardtypes_pkey,NULL,CREATE UNIQUE INDEX isostandardtypes_pkey ON ndb.isostandardtypes USING btree (isostandardtypeid)
ndb,isostratdata,isostratdata_pkey,NULL,CREATE UNIQUE INDEX isostratdata_pkey ON ndb.isostratdata USING btree (dataid)
ndb,isosubstratetypes,isosubstratetypes_pkey,NULL,CREATE UNIQUE INDEX isosubstratetypes_pkey ON ndb.isosubstratetypes USING btree (isosubstratetypeid)
ndb,isovariablescaletypes,isovariablescaletypes_pkey,NULL,"CREATE UNIQUE INDEX isovariablescaletypes_pkey ON ndb.isovariablescaletypes USING btree (variableid, isoscaletypeid)"
ndb,keywords,keywords_pkey,NULL,CREATE UNIQUE INDEX keywords_pkey ON ndb.keywords USING btree (keywordid)
ndb,lakeparameters,ix_lakeparameterid_lakeparameters,NULL,CREATE INDEX ix_lakeparameterid_lakeparameters ON ndb.lakeparameters USING btree (lakeparameterid) WITH (fillfactor='10')
ndb,lakeparameters,ix_siteid_lakeparameters,NULL,CREATE INDEX ix_siteid_lakeparameters ON ndb.lakeparameters USING btree (siteid) WITH (fillfactor='10')
ndb,lakeparameters,lakeparameters_pkey,NULL,"CREATE UNIQUE INDEX lakeparameters_pkey ON ndb.lakeparameters USING btree (siteid, lakeparameterid)"
ndb,lakeparametertypes,lakeparametertypes_pkey,NULL,CREATE UNIQUE INDEX lakeparametertypes_pkey ON ndb.lakeparametertypes USING btree (lakeparameterid)
ndb,lithology,ix_collectionunitid_lithology,NULL,CREATE INDEX ix_collectionunitid_lithology ON ndb.lithology USING btree (collectionunitid) WITH (fillfactor='10')
ndb,lithology,lithology_pkey,NULL,CREATE UNIQUE INDEX lithology_pkey ON ndb.lithology USING btree (lithologyid)
ndb,lithostrat,lithostrat_pkey,NULL,CREATE UNIQUE INDEX lithostrat_pkey ON ndb.lithostrat USING btree (lithostratid)
ndb,lithostratunits,lithostratunits_pkey,NULL,CREATE UNIQUE INDEX lithostratunits_pkey ON ndb.lithostratunits USING btree (lithostratunitid)
ndb,publicationauthors,ix_contactid_publicationauthors,NULL,CREATE INDEX ix_contactid_publicationauthors ON ndb.publicationauthors USING btree (contactid) WITH (fillfactor='10')
ndb,publicationauthors,ix_publicationid_publicationauthors,NULL,CREATE INDEX ix_publicationid_publicationauthors ON ndb.publicationauthors USING btree (publicationid) WITH (fillfactor='10')
ndb,publicationauthors,publicationauthors_pkey,NULL,CREATE UNIQUE INDEX publicationauthors_pkey ON ndb.publicationauthors USING btree (authorid)
ndb,publicationeditors,ix_publicationid_publicationeditors,NULL,CREATE INDEX ix_publicationid_publicationeditors ON ndb.publicationeditors USING btree (publicationid) WITH (fillfactor='10')
ndb,publicationeditors,publicationeditors_pkey,NULL,CREATE UNIQUE INDEX publicationeditors_pkey ON ndb.publicationeditors USING btree (editorid)
ndb,publications,publications_pkey,NULL,CREATE UNIQUE INDEX publications_pkey ON ndb.publications USING btree (publicationid)
ndb,publicationtranslators,publicationtranslators_pkey,NULL,CREATE UNIQUE INDEX publicationtranslators_pkey ON ndb.publicationtranslators USING btree (translatorid)
ndb,publicationtypes,publicationtypes_pkey,NULL,CREATE UNIQUE INDEX publicationtypes_pkey ON ndb.publicationtypes USING btree (pubtypeid)
ndb,radiocarbon,radiocarbon_pkey,NULL,CREATE UNIQUE INDEX radiocarbon_pkey ON ndb.radiocarbon USING btree (geochronid)
ndb,radiocarboncalibration,radiocarboncalibration_pkey,NULL,CREATE UNIQUE INDEX radiocarboncalibration_pkey ON ndb.radiocarboncalibration USING btree (c14yrbp)
ndb,radiocarbonmethods,radiocarbonmethods_pkey,NULL,CREATE UNIQUE INDEX radiocarbonmethods_pkey ON ndb.radiocarbonmethods USING btree (radiocarbonmethodid)
ndb,relativeagepublications,ix_relativeageid_relativeagepublications,NULL,CREATE INDEX ix_relativeageid_relativeagepublications ON ndb.relativeagepublications USING btree (relativeageid) WITH (fillfactor='10')
ndb,relativeagepublications,relativeagepublications_pkey,NULL,"CREATE UNIQUE INDEX relativeagepublications_pkey ON ndb.relativeagepublications USING btree (relativeageid, publicationid)"
ndb,relativeages,ix_relativeagescaleid_relativeages,NULL,CREATE INDEX ix_relativeagescaleid_relativeages ON ndb.relativeages USING btree (relativeagescaleid) WITH (fillfactor='10')
ndb,relativeages,relativeages_pkey,NULL,CREATE UNIQUE INDEX relativeages_pkey ON ndb.relativeages USING btree (relativeageid)
ndb,relativeagescales,relativeagescales_pkey,NULL,CREATE UNIQUE INDEX relativeagescales_pkey ON ndb.relativeagescales USING btree (relativeagescaleid)
ndb,relativeageunits,relativeageunits_pkey,NULL,CREATE UNIQUE INDEX relativeageunits_pkey ON ndb.relativeageunits USING btree (relativeageunitid)
ndb,relativechronology,ix_analysisunitid_relativechronology,NULL,CREATE INDEX ix_analysisunitid_relativechronology ON ndb.relativechronology USING btree (analysisunitid) WITH (fillfactor='10')
ndb,relativechronology,ix_relativeageid_relativechronology,NULL,CREATE INDEX ix_relativeageid_relativechronology ON ndb.relativechronology USING btree (relativeageid) WITH (fillfactor='10')
ndb,relativechronology,relativechronology_pkey,NULL,CREATE UNIQUE INDEX relativechronology_pkey ON ndb.relativechronology USING btree (relativechronid)
ndb,repositoryinstitutions,repositoryinstitutions_pkey,NULL,CREATE UNIQUE INDEX repositoryinstitutions_pkey ON ndb.repositoryinstitutions USING btree (repositoryid)
ndb,repositoryspecimens,ix_datasetid_repositoryspecimens,NULL,CREATE INDEX ix_datasetid_repositoryspecimens ON ndb.repositoryspecimens USING btree (datasetid) WITH (fillfactor='10')
ndb,repositoryspecimens,repositoryspecimens_pkey,NULL,"CREATE UNIQUE INDEX repositoryspecimens_pkey ON ndb.repositoryspecimens USING btree (datasetid, repositoryid)"
ndb,rocktypes,rocktypes_pkey,NULL,CREATE UNIQUE INDEX rocktypes_pkey ON ndb.rocktypes USING btree (rocktypeid)
ndb,sampleages,ix_chronologyid_sampleages,NULL,CREATE INDEX ix_chronologyid_sampleages ON ndb.sampleages USING btree (chronologyid) WITH (fillfactor='10')
ndb,sampleages,ix_sampleid_sampleages,NULL,CREATE INDEX ix_sampleid_sampleages ON ndb.sampleages USING btree (sampleid) WITH (fillfactor='10')
ndb,sampleages,sampleages_pkey,NULL,CREATE UNIQUE INDEX sampleages_pkey ON ndb.sampleages USING btree (sampleageid)
ndb,sampleages,smpage_idx,NULL,CREATE INDEX smpage_idx ON ndb.sampleages USING btree (age)
ndb,sampleages,smpageold_idx,NULL,CREATE INDEX smpageold_idx ON ndb.sampleages USING btree (ageolder)
ndb,sampleages,smpageyoung_idx,NULL,CREATE INDEX smpageyoung_idx ON ndb.sampleages USING btree (ageyounger)
ndb,sampleanalysts,ix_contactid_sampleanalysts,NULL,CREATE INDEX ix_contactid_sampleanalysts ON ndb.sampleanalysts USING btree (contactid) WITH (fillfactor='10')
ndb,sampleanalysts,ix_sampleid_sampleanalysts,NULL,CREATE INDEX ix_sampleid_sampleanalysts ON ndb.sampleanalysts USING btree (sampleid) WITH (fillfactor='10')
ndb,sampleanalysts,sampleanalysts_pkey,NULL,CREATE UNIQUE INDEX sampleanalysts_pkey ON ndb.sampleanalysts USING btree (analystid)
ndb,samplekeywords,ix_keywordid_samplekeywords,NULL,CREATE INDEX ix_keywordid_samplekeywords ON ndb.samplekeywords USING btree (keywordid) WITH (fillfactor='10')
ndb,samplekeywords,ix_sampleid_samplekeywords,NULL,CREATE INDEX ix_sampleid_samplekeywords ON ndb.samplekeywords USING btree (sampleid) WITH (fillfactor='10')
ndb,samplekeywords,samplekeywords_pkey,NULL,"CREATE UNIQUE INDEX samplekeywords_pkey ON ndb.samplekeywords USING btree (sampleid, keywordid)"
ndb,samples,ix_analysisunitid_samples,NULL,CREATE INDEX ix_analysisunitid_samples ON ndb.samples USING btree (analysisunitid) WITH (fillfactor='10')
ndb,samples,ix_datasetid_samples,NULL,CREATE INDEX ix_datasetid_samples ON ndb.samples USING btree (datasetid) WITH (fillfactor='10')
ndb,samples,samples_pkey,NULL,CREATE UNIQUE INDEX samples_pkey ON ndb.samples USING btree (sampleid)
ndb,sitegeopolitical,ix_geopoliticalid_sitegeopolitical,NULL,CREATE INDEX ix_geopoliticalid_sitegeopolitical ON ndb.sitegeopolitical USING btree (geopoliticalid) WITH (fillfactor='10')
ndb,sitegeopolitical,ix_siteid_sitegeopolitical,NULL,CREATE INDEX ix_siteid_sitegeopolitical ON ndb.sitegeopolitical USING btree (siteid) WITH (fillfactor='10')
ndb,sitegeopolitical,sitegeopolitical_pkey,NULL,CREATE UNIQUE INDEX sitegeopolitical_pkey ON ndb.sitegeopolitical USING btree (sitegeopoliticalid)
ndb,siteimages,ix_siteid_siteimages,NULL,CREATE INDEX ix_siteid_siteimages ON ndb.siteimages USING btree (siteid) WITH (fillfactor='10')
ndb,siteimages,siteimages_pkey,NULL,CREATE UNIQUE INDEX siteimages_pkey ON ndb.siteimages USING btree (siteimageid)
ndb,sites,ix_siteid_sites,NULL,CREATE INDEX ix_siteid_sites ON ndb.sites USING btree (siteid) WITH (fillfactor='10')
ndb,sites,sitegeog_gix,NULL,CREATE INDEX sitegeog_gix ON ndb.sites USING gist (geog)
ndb,sites,sitenames_idx,NULL,CREATE INDEX sitenames_idx ON ndb.sites USING gin (sitename gin_trgm_ops)
ndb,sites,sites_pkey,NULL,CREATE UNIQUE INDEX sites_pkey ON ndb.sites USING btree (siteid)
ndb,sitestemp,sitestemp_pkey,NULL,CREATE UNIQUE INDEX sitestemp_pkey ON ndb.sitestemp USING btree (siteid)
ndb,specimendates,ix_sampleid_specimendates,NULL,CREATE INDEX ix_sampleid_specimendates ON ndb.specimendates USING btree (sampleid) WITH (fillfactor='10')
ndb,specimendates,ix_taxonid_specimendates,NULL,CREATE INDEX ix_taxonid_specimendates ON ndb.specimendates USING btree (taxonid) WITH (fillfactor='10')
ndb,specimendates,specimendates_pkey,NULL,CREATE UNIQUE INDEX specimendates_pkey ON ndb.specimendates USING btree (specimendateid)
ndb,specimendatescal,specimendatescal_pkey,NULL,CREATE UNIQUE INDEX specimendatescal_pkey ON ndb.specimendatescal USING btree (specimendatecalid)
ndb,specimendomesticstatustypes,specimendomesticstatustypes_pkey,NULL,CREATE UNIQUE INDEX specimendomesticstatustypes_pkey ON ndb.specimendomesticstatustypes USING btree (domesticstatusid)
ndb,specimengenbank,specimengenbank_pkey,NULL,"CREATE UNIQUE INDEX specimengenbank_pkey ON ndb.specimengenbank USING btree (specimenid, genbanknr)"
ndb,specimens,specimens_pkey,NULL,CREATE UNIQUE INDEX specimens_pkey ON ndb.specimens USING btree (specimenid)
ndb,specimensextypes,specimensextypes_pkey,NULL,CREATE UNIQUE INDEX specimensextypes_pkey ON ndb.specimensextypes USING btree (sexid)
ndb,specimentaphonomy,specimentaphonomy_pkey,NULL,"CREATE UNIQUE INDEX specimentaphonomy_pkey ON ndb.specimentaphonomy USING btree (specimenid, taphonomictypeid)"
ndb,summarydatataphonomy,summarydatataphonomy_pkey,NULL,"CREATE UNIQUE INDEX summarydatataphonomy_pkey ON ndb.summarydatataphonomy USING btree (dataid, taphonomictypeid)"
ndb,synonyms,ix_taxonid_synonyms,NULL,CREATE INDEX ix_taxonid_synonyms ON ndb.synonyms USING btree (validtaxonid) WITH (fillfactor='10')
ndb,synonyms,synonyms_pkey,NULL,CREATE UNIQUE INDEX synonyms_pkey ON ndb.synonyms USING btree (synonymid)
ndb,synonymtypes,synonymtypes_pkey,NULL,CREATE UNIQUE INDEX synonymtypes_pkey ON ndb.synonymtypes USING btree (synonymtypeid)
ndb,synonymy,synonymy_pkey,NULL,CREATE UNIQUE INDEX synonymy_pkey ON ndb.synonymy USING btree (synonymyid)
ndb,sysdiagrams,sysdiagrams_pkey,NULL,CREATE UNIQUE INDEX sysdiagrams_pkey ON ndb.sysdiagrams USING btree (diagram_id)
ndb,taphonomicsystems,taphonomicsystems_pkey,NULL,CREATE UNIQUE INDEX taphonomicsystems_pkey ON ndb.taphonomicsystems USING btree (taphonomicsystemid)
ndb,taphonomicsystemsdatasettypes,taphonomicsystemsdatasettypes_pkey,NULL,"CREATE UNIQUE INDEX taphonomicsystemsdatasettypes_pkey ON ndb.taphonomicsystemsdatasettypes USING btree (datasettypeid, taphonomicsystemid)"
ndb,taphonomictypes,taphonomictypes_pkey,NULL,CREATE UNIQUE INDEX taphonomictypes_pkey ON ndb.taphonomictypes USING btree (taphonomictypeid)
ndb,taxa,ix_taxagroupid_taxa,NULL,CREATE INDEX ix_taxagroupid_taxa ON ndb.taxa USING btree (taxagroupid) WITH (fillfactor='10')
ndb,taxa,ix_taxonname_taxa,NULL,CREATE INDEX ix_taxonname_taxa ON ndb.taxa USING btree (taxonname) WITH (fillfactor='10')
ndb,taxa,taxa_pkey,NULL,CREATE UNIQUE INDEX taxa_pkey ON ndb.taxa USING btree (taxonid)
ndb,taxa,taxonames_idx,NULL,CREATE INDEX taxonames_idx ON ndb.taxa USING gin (taxonname gin_trgm_ops)
ndb,taxa,taxonname_btree,NULL,CREATE INDEX taxonname_btree ON ndb.taxa USING btree (taxonname)
ndb,taxaalthierarchy,taxaalthierarchy_pkey,NULL,"CREATE UNIQUE INDEX taxaalthierarchy_pkey ON ndb.taxaalthierarchy USING btree (taxaalthierarchytypeid, taxonid)"
ndb,taxaalthierarchytypes,taxaalthierarchytypes_pkey,NULL,CREATE UNIQUE INDEX taxaalthierarchytypes_pkey ON ndb.taxaalthierarchytypes USING btree (taxaalthierarchytypeid)
ndb,taxagrouptypes,taxagrouptypes_pkey,NULL,CREATE UNIQUE INDEX taxagrouptypes_pkey ON ndb.taxagrouptypes USING btree (taxagroupid)
ndb,taxonpaths,taxonpaths_pkey,NULL,"CREATE UNIQUE INDEX taxonpaths_pkey ON ndb.taxonpaths USING btree (taxonout, taxonid)"
ndb,tephras,tephras_pkey,NULL,CREATE UNIQUE INDEX tephras_pkey ON ndb.tephras USING btree (tephraid)
ndb,unitsdatasettypes,unitsdatasettypes_pkey,NULL,"CREATE UNIQUE INDEX unitsdatasettypes_pkey ON ndb.unitsdatasettypes USING btree (datasettypeid, variableunitsid)"
ndb,variablecontexts,variablecontexts_pkey,NULL,CREATE UNIQUE INDEX variablecontexts_pkey ON ndb.variablecontexts USING btree (variablecontextid)
ndb,variableelements,variableelements_pkey,NULL,CREATE UNIQUE INDEX variableelements_pkey ON ndb.variableelements USING btree (variableelementid)
ndb,variables,ix_taxonid_variables,NULL,CREATE INDEX ix_taxonid_variables ON ndb.variables USING btree (taxonid) WITH (fillfactor='10')
ndb,variables,variableel,NULL,"CREATE INDEX variableel ON ndb.variables USING btree (taxonid, variableelementid, variableunitsid)"
ndb,variables,variables_pkey,NULL,CREATE UNIQUE INDEX variables_pkey ON ndb.variables USING btree (variableid)
ndb,variableunits,variableunits_pkey,NULL,CREATE UNIQUE INDEX variableunits_pkey ON ndb.variableunits USING btree (variableunitsid)
public,spatial_ref_sys,spatial_ref_sys_pkey,NULL,CREATE UNIQUE INDEX spatial_ref_sys_pkey ON public.spatial_ref_sys USING btree (srid)
ti,stewarddatabases,stewarddatabases_pkey,NULL,"CREATE UNIQUE INDEX stewarddatabases_pkey ON ti.stewarddatabases USING btree (stewardid, databaseid)"
ti,stewards,stewards_pkey,NULL,CREATE UNIQUE INDEX stewards_pkey ON ti.stewards USING btree (stewardid)
ti,stewardupdates,stewardupdates_pkey,NULL,CREATE UNIQUE INDEX stewardupdates_pkey ON ti.stewardupdates USING btree (updateid)
tmp,sitestemp,sitestemp_pkey,NULL,CREATE UNIQUE INDEX sitestemp_pkey ON tmp.sitestemp USING btree (siteid)
