"name","params"
"ap.explorersearch","[{'name': '_subdate', 'type': 'date DEFAULT NULL::date'}, {'name': '_altmax', 'type': 'integer DEFAULT NULL::integer'}, {'name': '_coltypeid', 'type': 'integer DEFAULT NULL::integer'}, {'name': '_dbid', 'type': 'integer DEFAULT NULL::integer'}, {'name': '_sitename', 'type': 'character varying DEFAULT NULL::character varying'}, {'name': '_contactid', 'type': 'integer DEFAULT NULL::integer'}, {'name': '_ageold', 'type': 'integer DEFAULT NULL::integer'}, {'name': '_ageyoung', 'type': 'integer DEFAULT NULL::integer'}, {'name': '_agedocontain', 'type': 'boolean DEFAULT true'}, {'name': '_agedirectdate', 'type': 'boolean DEFAULT false'}, {'name': '_gpid', 'type': 'integer DEFAULT NULL::integer'}, {'name': '_altmin', 'type': 'integer DEFAULT NULL::integer'}, {'name': '_debug', 'type': 'boolean DEFAULT false'}, {'name': '_taxonids', 'type': 'integer[] DEFAULT NULL::integer[]'}, {'name': '_elemtypeids', 'type': 'integer[] DEFAULT NULL::integer[]'}, {'name': '_taphtypeids', 'type': 'integer[] DEFAULT NULL::integer[]'}, {'name': '_depenvids', 'type': 'integer[] DEFAULT NULL::integer[]'}, {'name': '_abundpct', 'type': 'integer DEFAULT NULL::integer'}, {'name': '_datasettypeid', 'type': 'integer DEFAULT NULL::integer'}, {'name': '_keywordid', 'type': 'integer DEFAULT NULL::integer'}, {'name': '_coords', 'type': 'character varying DEFAULT NULL::character varying'}]"
"ap.getauthors","[{'name': None, 'type': ''}]"
"ap.getcollectiontypes","[{'name': None, 'type': ''}]"
"ap.getdatasettypes","[{'name': None, 'type': ''}, {'name': None, 'type': ''}]"
"ap.getdeptenvtypes","[{'name': '_depenvtid', 'type': 'integer'}]"
"ap.getdeptenvtypesroot","[{'name': None, 'type': ''}]"
"ap.getelementtypes","[{'name': '_taxagroupid', 'type': 'character varying'}]"
"ap.getelementtypesbytaxonid","[{'name': '_taxonid', 'type': 'integer'}]"
"ap.getgeochrondatasetbyassociateddatasetid","[{'name': '_datasetid', 'type': 'integer'}]"
"ap.getkeywords","[{'name': None, 'type': ''}]"
"ap.getpeople","[{'name': None, 'type': ''}]"
"ap.gettaphonomicsystems","[{'name': 'datasettypeid', 'type': 'integer'}]"
"ap.gettaphonomictypes","[{'name': '_taphonomicsystemid', 'type': 'integer'}]"
"ap.gettaxagrouptypes","[{'name': None, 'type': ''}, {'name': None, 'type': ''}]"
"ap.gettaxaindatasets","[{'name': None, 'type': ''}]"
"ap.searchsitename","[{'name': '_sitename', 'type': 'character varying'}]"
"da.chronologybyid","[{'name': '_chronid', 'type': 'integer'}]"
"ti.getagetypeid","[{'name': '_agetype', 'type': 'character varying'}]"
"ti.getagetypestable","[{'name': None, 'type': ''}]"
"ti.getaggregatedatasetbyname","[{'name': '_name', 'type': 'character varying'}]"
"ti.getaggregateordertypes","[{'name': None, 'type': ''}]"
"ti.getaliascontactnames","[{'name': None, 'type': ''}]"
"ti.getalldatasetauthors","[{'name': None, 'type': ''}]"
"ti.getalldatasetpis","[{'name': None, 'type': ''}]"
"ti.getanalysisunit","[{'name': '_depth', 'type': 'double precision DEFAULT NULL::double precision'}, {'name': '_analunitname', 'type': 'character varying DEFAULT NULL::character varying'}, {'name': '_collectionuniid', 'type': 'integer'}, {'name': '_thickness', 'type': 'double precision DEFAULT NULL::double precision'}]"
"ti.getanalysisunitbyid","[{'name': '_analunitid', 'type': 'integer'}]"
"ti.getanalysisunitsamplecount","[{'name': '_analunitid', 'type': 'integer'}]"
"ti.getanalysisunitsbycollunitid","[{'name': '_collunitid', 'type': 'integer'}]"
"ti.getbiochemdatasetbyid","[{'name': '_datasetid', 'type': 'integer'}]"
"ti.getcalibrationcurvestable","[{'name': None, 'type': ''}]"
"ti.getcalibrationprogramstable","[{'name': None, 'type': ''}]"
"ti.getchildtaxa","[{'name': '_taxonname', 'type': 'character varying'}]"
"ti.getchildtaxacount","[{'name': '_highertaxonid', 'type': 'integer'}]"
"ti.getchildtaxaforallsites","[{'name': '_taxonname', 'type': 'character varying'}]"
"ti.getchronconroltypebyname","[{'name': '_chroncontroltype', 'type': 'character varying'}]"
"ti.getchroncontrolsbychroncontrolid","[{'name': '_chroncontrolid', 'type': 'integer'}]"
"ti.getchroncontroltypehighestid","[{'name': '_chroncontroltypeid', 'type': 'integer'}]"
"ti.getchroncontroltypestable","[{'name': None, 'type': ''}]"
"ti.getchronocontrolsbyanalysisunitid","[{'name': '_analunitid', 'type': 'integer'}]"
"ti.getchronocontrolsbychronologyid","[{'name': '_chronologyid', 'type': 'integer'}]"
"ti.getchronologiesbycollunitid","[{'name': '_collectionunitid', 'type': 'integer'}]"
"ti.getcollectiontypebyid","[{'name': '_colltypeid', 'type': 'integer'}]"
"ti.getcollectiontypestable","[{'name': None, 'type': ''}]"
"ti.getcollector","[{'name': '_collectionunitid', 'type': 'integer'}]"
"ti.getcollunitbyid","[{'name': '_collectionunitid', 'type': 'integer'}]"
"ti.getcollunitbyidv2","[{'name': '_collectionunitid', 'type': 'integer'}]"
"ti.getcollunithandlecount","[{'name': '_handle', 'type': 'character varying'}]"
"ti.getcollunitsbysiteid","[{'name': '_siteid', 'type': 'integer'}]"
"ti.getcollunitsummarybysiteid","[{'name': '_siteid', 'type': 'integer'}]"
"ti.getconstituentdatabasenamebyid","[{'name': '_databaseid', 'type': 'integer'}]"
"ti.getconstituentdatabases","[{'name': None, 'type': ''}]"
"ti.getcontactbycontactname","[{'name': '_contactname', 'type': 'character varying'}]"
"ti.getcontactbyfamilyname","[{'name': '_familyname', 'type': 'character varying'}]"
"ti.getcontactbyfamilynameandinitials","[{'name': '_initials', 'type': 'character varying'}, {'name': '_familyname', 'type': 'character varying'}]"
"ti.getcontactbyid","[{'name': '_contactid', 'type': 'integer'}]"
"ti.getcontactdatasets","[{'name': '_contactid', 'type': 'integer'}]"
"ti.getcontactlinks","[{'name': '_contactid', 'type': 'integer'}]"
"ti.getcontactpublications","[{'name': '_contactid', 'type': 'integer'}]"
"ti.getcontactstable","[{'name': None, 'type': ''}]"
"ti.getcontactstatusestable","[{'name': None, 'type': ''}]"
"ti.getcontextdatasettypecount","[{'name': '_datasettypeid', 'type': 'integer'}, {'name': '_variablecontextid', 'type': 'integer'}]"
"ti.getcontextsdatasettypestable","[{'name': None, 'type': ''}]"
"ti.getdataprocessor","[{'name': '_datasetid', 'type': 'integer'}]"
"ti.getdatasetauthorsdatasettypes","[{'name': '_datasettypeidlist', 'type': 'character varying'}]"
"ti.getdatasetchrons","[{'name': '_datasetid', 'type': 'integer'}]"
"ti.getdatasetcitations","[{'name': '_datasetid', 'type': 'integer'}]"
"ti.getdatasetcountbycollunittype","[{'name': '_collunittypeid', 'type': 'integer'}]"
"ti.getdatasetdata","[{'name': '_datasetid', 'type': 'integer'}]"
"ti.getdatasetdatabase","[{'name': '_datasetid', 'type': 'integer'}]"
"ti.getdatasetidbycollunitandtype","[{'name': '_datasettypeid', 'type': 'integer'}, {'name': '_collunitid', 'type': 'integer'}]"
"ti.getdatasetidfordatasettypeidforgeochronanalunit","[{'name': '_geochronid', 'type': 'integer'}, {'name': '_datasettypeid', 'type': 'integer'}]"
"ti.getdatasetidsbytaxonid","[{'name': '_taxonid', 'type': 'integer'}]"
"ti.getdatasetpis","[{'name': '_datasetid', 'type': 'integer'}]"
"ti.getdatasetpisdatasettypes","[{'name': '_datasettypeidlist', 'type': 'character varying DEFAULT NULL::character varying'}]"
"ti.getdatasetpublicationids","[{'name': '_datasetid', 'type': 'integer'}]"
"ti.getdatasetpublications","[{'name': '_datasetid', 'type': 'integer'}]"
"ti.getdatasetpublicationstatus","[{'name': '_datasetid', 'type': 'integer'}, {'name': '_publicationid', 'type': 'integer'}]"
"ti.getdatasetpublicationstatusv2","[{'name': '_datasetid', 'type': 'integer'}, {'name': '_publicationid', 'type': 'integer'}]"
"ti.getdatasetrepository","[{'name': '_datasetid', 'type': 'integer'}]"
"ti.getdatasetrepositoryspecimennotes","[{'name': '_datasetid', 'type': 'integer'}]"
"ti.getdatasetsampleanalysts","[{'name': '_datasetid', 'type': 'integer'}]"
"ti.getdatasetsampledepagents","[{'name': '_datasetid', 'type': 'integer'}]"
"ti.getdatasetsampleids","[{'name': '_datasetid', 'type': 'integer'}]"
"ti.getdatasetsamplekeywords","[{'name': '_datasetid', 'type': 'integer'}]"
"ti.getdatasetsamples","[{'name': '_datasetid', 'type': 'integer'}]"
"ti.getdatasetsbycontactid","[{'name': '_contactid', 'type': 'integer'}]"
"ti.getdatasetsbyid","[{'name': '_datasets', 'type': 'text'}]"
"ti.getdatasetsbysiteid","[{'name': '_siteid', 'type': 'integer'}]"
"ti.getdatasetsbysitename","[{'name': '_sitename', 'type': 'character varying'}]"
"ti.getdatasetsbytaxon","[{'name': '_taxon', 'type': 'character varying'}]"
"ti.getdatasetspecimendates","[{'name': '_datasetid', 'type': 'integer'}]"
"ti.getdatasetspecimengenbanknrs","[{'name': '_datasetid', 'type': 'integer'}]"
"ti.getdatasetspecimens","[{'name': '_datasetid', 'type': 'integer'}]"
"ti.getdatasetspecimentaphonomy","[{'name': '_datasetid', 'type': 'integer'}]"
"ti.getdatasetsynonyms","[{'name': '_datasetid', 'type': 'integer'}]"
"ti.getdatasettaxonnotes","[{'name': '_datasetid', 'type': 'integer'}]"
"ti.getdatasettaxonnotesbytaxonid","[{'name': '_taxonid', 'type': 'integer'}, {'name': '_datasetid', 'type': 'integer'}]"
"ti.getdatasettypes","[{'name': None, 'type': ''}, {'name': None, 'type': ''}]"
"ti.getdatasettypesbyname","[{'name': '_datasettype', 'type': 'character varying'}]"
"ti.getdatasettypesbytaxagroupid","[{'name': '_taxagroupid', 'type': 'character varying'}]"
"ti.getdatasettypeshavingdata","[{'name': None, 'type': ''}]"
"ti.getdatasetvariables","[{'name': '_datasetid', 'type': 'integer'}]"
"ti.getdatasetvariablesynonyms","[{'name': '_variableid', 'type': 'integer'}, {'name': '_datasetid', 'type': 'integer'}]"
"ti.getdatasetvariableunits","[{'name': '_datasetid', 'type': 'integer'}]"
"ti.getdepagentbyname","[{'name': '_depagent', 'type': 'character varying'}]"
"ti.getdepagentstypestable","[{'name': None, 'type': ''}]"
"ti.getdepenvtbyid","[{'name': '_depenvtid', 'type': 'integer'}]"
"ti.getdepenvttypestable","[{'name': None, 'type': ''}]"
"ti.getecolgroupsbyecolsetid","[{'name': '_ecolsetid', 'type': 'integer'}]"
"ti.getecolgroupsbytaxagroupidlist","[{'name': '_taxagrouplist', 'type': 'text'}]"
"ti.getecolgroupsbyvariableidlist","[{'name': '_variableids', 'type': 'text'}]"
"ti.getecolgroupstable","[{'name': None, 'type': ''}]"
"ti.getecolgrouptypestable","[{'name': None, 'type': ''}]"
"ti.getecolsetcountsbytaxagroupid","[{'name': '_taxagroupid', 'type': 'character varying'}]"
"ti.getecolsetsgroupsbytaxonid","[{'name': '_taxonid', 'type': 'integer'}]"
"ti.getecolsettypestable","[{'name': None, 'type': ''}]"
"ti.getelementdatasettaxagroupcount","[{'name': '_datasettypeid', 'type': 'integer'}, {'name': '_taxagroupid', 'type': 'character varying'}, {'name': '_elementtypeid', 'type': 'integer'}]"
"ti.getelementdatasettaxagroupstable","[{'name': None, 'type': ''}]"
"ti.getelementmaturitiestable","[{'name': None, 'type': ''}]"
"ti.getelementmaturitybyname","[{'name': '_maturity', 'type': 'character varying'}]"
"ti.getelementpartid","[{'name': '_partname', 'type': 'character varying'}]"
"ti.getelementportionbyname","[{'name': '_portion', 'type': 'character varying'}]"
"ti.getelementportionstable","[{'name': None, 'type': ''}]"
"ti.getelementsbytaxonid","[{'name': '_taxonid', 'type': 'integer'}]"
"ti.getelementsymmetriestable","[{'name': None, 'type': ''}]"
"ti.getelementsymmetrybyname","[{'name': '_symmetry', 'type': 'character varying'}]"
"ti.getelementtaxagroupid","[{'name': '_elementtypeid', 'type': 'integer'}, {'name': '_taxagroupid', 'type': 'character varying'}]"
"ti.getelementtaxagroupmaturitiestable","[{'name': None, 'type': ''}]"
"ti.getelementtaxagroupportionstable","[{'name': None, 'type': ''}]"
"ti.getelementtaxagroupstable","[{'name': None, 'type': ''}]"
"ti.getelementtaxagroupsymmetriestable","[{'name': None, 'type': ''}]"
"ti.getelementtypebydatasettypeid","[{'name': '_datasettypeid', 'type': 'integer'}]"
"ti.getelementtypebyname","[{'name': '_elementtype', 'type': 'character varying'}]"
"ti.getelementtypefromvariableelement","[{'name': '_variableelement', 'type': 'character varying'}]"
"ti.getelementtypesbynamelist","[{'name': '_elementtypes', 'type': 'character varying'}]"
"ti.getelementtypesbytaxagroupid","[{'name': '_taxagroupid', 'type': 'character varying'}]"
"ti.getelementtypesfortaxontaxagroup","[{'name': '_taxonid', 'type': 'integer'}]"
"ti.getelementtypestable","[{'name': None, 'type': ''}]"
"ti.geteventbyname","[{'name': '_eventname', 'type': 'character varying'}]"
"ti.geteventchroncontroltypeid","[{'name': '_eventname', 'type': 'character varying'}]"
"ti.geteventpublications","[{'name': '_eventid', 'type': 'integer'}]"
"ti.geteventsbychronologyid","[{'name': '_chronologyid', 'type': 'integer'}]"
"ti.geteventstable","[{'name': None, 'type': ''}]"
"ti.geteventtypebyname","[{'name': '_eventtype', 'type': 'character varying'}]"
"ti.geteventtypestable","[{'name': None, 'type': ''}]"
"ti.getfaciestypebyname","[{'name': '_facies', 'type': 'character varying'}]"
"ti.getfaciestypestable","[{'name': None, 'type': ''}]"
"ti.getfaunmap1relativeagesbychroncontrolidlist","[{'name': '_chroncontrolids', 'type': 'character varying'}]"
"ti.getfractiondatedbyname","[{'name': '_fraction', 'type': 'character varying'}]"
"ti.getfractiondatedtable","[{'name': None, 'type': ''}]"
"ti.getfractionsdatedbylist","[{'name': '_fractions', 'type': 'character varying'}]"
"ti.getfunctioninputparams","[{'name': '_functionname', 'type': 'character varying'}]"
"ti.getgeochronanalysisunit","[{'name': '_geochronid', 'type': 'integer'}]"
"ti.getgeochronanalysisunitsbydatasetid","[{'name': '_datasetid', 'type': 'integer'}]"
"ti.getgeochronbydatasetid","[{'name': '_datasetid', 'type': 'integer'}]"
"ti.getgeochronbygeochronid","[{'name': '_geochronid', 'type': 'integer'}]"
"ti.getgeochroncontrolcount","[{'name': '_geochronid', 'type': 'integer'}]"
"ti.getgeochroncontrolsbychronologyid","[{'name': '_chronologyid', 'type': 'integer'}]"
"ti.getgeochroncounts","[{'name': None, 'type': ''}]"
"ti.getgeochronidcount","[{'name': '_geochronid', 'type': 'integer'}]"
"ti.getgeochrontypeid","[{'name': '_geochrontype', 'type': 'character varying'}]"
"ti.getgeochrontypestable","[{'name': None, 'type': ''}]"
"ti.getgeopolbysitename","[{'name': '_east', 'type': 'double precision'}, {'name': '_sitename', 'type': 'character varying'}, {'name': '_north', 'type': 'double precision'}, {'name': '_west', 'type': 'double precision'}, {'name': '_south', 'type': 'double precision'}]"
"ti.getgeopoliticalunitstable","[{'name': None, 'type': ''}]"
"ti.getgeopolnumberofsubdivs","[{'name': '_highergeopolid', 'type': 'integer'}]"
"ti.getgeopolunitbyhigherid","[{'name': '_highergeopolid', 'type': 'integer'}]"
"ti.getgeopolunitbyid","[{'name': '_geopolid', 'type': 'integer'}]"
"ti.getgeopolunitbynameandhigherid","[{'name': '_geopolname', 'type': 'character varying'}, {'name': '_highergeopolid', 'type': 'integer'}]"
"ti.getgeopolunitbynameandrank","[{'name': '_rank', 'type': 'integer'}, {'name': '_geopolname', 'type': 'character varying'}]"
"ti.getgeopolunitbyrank","[{'name': '_rank', 'type': 'integer'}]"
"ti.getgeopolunitrank","[{'name': '_rank', 'type': 'integer'}]"
"ti.getgeopolunitsbysiteid","[{'name': '_siteid', 'type': 'integer'}]"
"ti.getinvalidtaxabytaxagroupid","[{'name': '_taxagroupid', 'type': 'character varying'}]"
"ti.getinvalidtaxabytaxagroupidlist","[{'name': '_taxagrouplist', 'type': 'text'}]"
"ti.getinvalidtaxonbyname","[{'name': '_taxonname', 'type': 'character varying'}]"
"ti.getinvalidtaxonsynonymycount","[{'name': '_reftaxonid', 'type': 'integer'}]"
"ti.getinvestigator","[{'name': '_datasetid', 'type': 'integer'}]"
"ti.getisobiomarkers","[{'name': None, 'type': ''}]"
"ti.getisoinstrumentationtypes","[{'name': None, 'type': ''}]"
"ti.getisomaterialanalyzedandsubstrate","[{'name': None, 'type': ''}]"
"ti.getisomaterialanalyzedtypes","[{'name': None, 'type': ''}]"
"ti.getisopretreatmenttypes","[{'name': None, 'type': ''}]"
"ti.getisosampleintrosystemtypes","[{'name': None, 'type': ''}]"
"ti.getisosampleorigintypes","[{'name': None, 'type': ''}]"
"ti.getisostandardtypes","[{'name': None, 'type': ''}]"
"ti.getisosubstrates","[{'name': None, 'type': ''}]"
"ti.getisovariablescaleids","[{'name': None, 'type': ''}]"
"ti.getisovariablescaletypes","[{'name': None, 'type': ''}]"
"ti.getkeywordstable","[{'name': None, 'type': ''}]"
"ti.getlakeparametertypestable","[{'name': None, 'type': ''}]"
"ti.getlakeparamsbysiteid","[{'name': '_siteid', 'type': 'integer'}]"
"ti.getlithologybycollunitid","[{'name': '_collunitid', 'type': 'integer'}]"
"ti.getmaxpubidbypubidtype","[{'name': '_pubtypeid', 'type': 'integer'}]"
"ti.getminpubidbypubidtype","[{'name': '_pubtypeid', 'type': 'integer'}]"
"ti.getnearestsites","[{'name': '_north', 'type': 'numeric'}, {'name': '_south', 'type': 'numeric'}, {'name': '_distkm', 'type': 'numeric'}, {'name': '_east', 'type': 'numeric'}, {'name': '_west', 'type': 'numeric'}]"
"ti.getnextlowergeopolcountbynames","[{'name': '_rank2', 'type': 'integer'}, {'name': '_rank1', 'type': 'integer'}, {'name': '_name1', 'type': 'character varying'}, {'name': '_name2', 'type': 'character varying'}]"
"ti.getnextpublicationbyid","[{'name': '_publicationid', 'type': 'integer'}]"
"ti.getnextpublicationbyidandpubtypeid","[{'name': '_pubtypeid', 'type': 'integer'}, {'name': '_publicationid', 'type': 'integer'}]"
"ti.getpollensporehighertaxa","[{'name': '_taxaidlist', 'type': 'character varying'}]"
"ti.getpredefinedtaxaecolgroupsbydatasettypelist","[{'name': '_datasettypeids', 'type': 'character varying'}]"
"ti.getpreviouspublicationbyid","[{'name': '_publicationid', 'type': 'integer'}]"
"ti.getpreviouspublicationbyidandpubtypeid","[{'name': '_pubtypeid', 'type': 'integer'}, {'name': '_publicationid', 'type': 'integer'}]"
"ti.getprocedureinputparams","[{'name': '_procedurename', 'type': 'character varying'}]"
"ti.getpublicationauthors","[{'name': '_publicationid', 'type': 'integer'}]"
"ti.getpublicationbycitation","[{'name': '_citation', 'type': 'character varying'}]"
"ti.getpublicationbydatasetid","[{'name': '_datasetid', 'type': 'integer'}]"
"ti.getpublicationbyfamilyname","[{'name': '_familyname', 'type': 'character varying'}]"
"ti.getpublicationbyid","[{'name': '_publicationid', 'type': 'integer'}]"
"ti.getpublicationbyidlist","[{'name': '_publicationidlist', 'type': 'character varying'}]"
"ti.getpublicationeditors","[{'name': '_publicationid', 'type': 'integer'}]"
"ti.getpublicationsbycontactid","[{'name': '_contactid', 'type': 'integer'}]"
"ti.getpublicationsbygeochronid","[{'name': '_geochronidlist', 'type': 'character varying'}]"
"ti.getpublicationstable","[{'name': None, 'type': ''}]"
"ti.getpublicationtranslators","[{'name': '_publicationid', 'type': 'integer'}]"
"ti.getpublicationtypestable","[{'name': None, 'type': ''}]"
"ti.getradiocarbonbygeochronid","[{'name': '_geochronidlist', 'type': 'character varying'}]"
"ti.getradiocarbonmethodid","[{'name': '_radiocarbonmethod', 'type': 'character varying'}]"
"ti.getradiocarbonmethodstable","[{'name': None, 'type': ''}]"
"ti.getrecentuploads","[{'name': '_databaseid', 'type': 'integer DEFAULT NULL::integer'}, {'name': '_datasettypeid', 'type': 'integer DEFAULT NULL::integer'}, {'name': '_limit', 'type': 'integer DEFAULT 400'}, {'name': '_months', 'type': 'integer DEFAULT 1'}]"
"ti.getrelativeagebyname","[{'name': '_relativeage', 'type': 'character varying'}]"
"ti.getrelativeagechroncontroltype","[{'name': '_relativeage', 'type': 'character varying'}]"
"ti.getrelativeagepublications","[{'name': '_relativeageid', 'type': 'integer'}]"
"ti.getrelativeagesbychronologyid","[{'name': '_chronologyid', 'type': 'integer'}]"
"ti.getrelativeagescalebyname","[{'name': '_relativeagescale', 'type': 'character varying'}]"
"ti.getrelativeagescalestable","[{'name': None, 'type': ''}]"
"ti.getrelativeagestable","[{'name': None, 'type': ''}]"
"ti.getrelativeageunitsbyagescale","[{'name': '_relativeagescale', 'type': 'character varying'}]"
"ti.getrelativeageunitsbyname","[{'name': '_relativeagescale', 'type': 'character varying'}]"
"ti.getrepositoryinstitution","[{'name': '_repository', 'type': 'character varying DEFAULT NULL::character varying'}, {'name': '_acronym', 'type': 'character varying DEFAULT NULL::character varying'}]"
"ti.getrepositoryinstitutionstable","[{'name': None, 'type': ''}]"
"ti.getrocktypebyid","[{'name': '_rocktypeid', 'type': 'integer'}]"
"ti.getrocktypebyname","[{'name': '_rocktype', 'type': 'character varying'}]"
"ti.getrocktypestable","[{'name': None, 'type': ''}]"
"ti.getsampleage","[{'name': '_sampleid', 'type': 'integer'}, {'name': '_chronologyid', 'type': 'integer'}]"
"ti.getsampleagesbychronid","[{'name': '_chronologyid', 'type': 'integer'}]"
"ti.getsampleidfordatasetidfromgeochronanalunit","[{'name': '_datasetid', 'type': 'integer'}, {'name': '_geochronid', 'type': 'integer'}]"
"ti.getsampleidfordatasettypeidfromgeochronanalunit","[{'name': '_geochronid', 'type': 'integer'}, {'name': '_datasettypeid', 'type': 'integer'}]"
"ti.getsamplekeywords","[{'name': '_sampleid', 'type': 'integer'}]"
"ti.getsampleparents","[{'name': '_sampleid', 'type': 'integer'}]"
"ti.getsampletaxoncount","[{'name': '_sampleid', 'type': 'integer'}, {'name': '_taxonid', 'type': 'integer'}]"
"ti.getsitebyname","[{'name': '_sitename', 'type': 'character varying'}]"
"ti.getsitemetadata","[{'name': '_siteid', 'type': 'integer'}]"
"ti.getsites","[{'name': '_datasettypeid', 'type': 'integer DEFAULT NULL::integer'}, {'name': '_sitename', 'type': 'character varying DEFAULT NULL::character varying'}, {'name': '_geopoliticalid', 'type': 'integer DEFAULT NULL::integer'}, {'name': '_contactid', 'type': 'integer DEFAULT NULL::integer'}, {'name': '_authorid', 'type': 'integer DEFAULT NULL::integer'}]"
"ti.getsitesbydatabaseanddatasettype","[{'name': '_datasettypeid', 'type': 'integer'}, {'name': '_databaseid', 'type': 'integer'}]"
"ti.getsitesbydatasettype","[{'name': '_datasettypeid', 'type': 'integer'}]"
"ti.getspecimenbyidcount","[{'name': '_specimenid', 'type': 'integer'}]"
"ti.getspecimendatebyspecimendateid","[{'name': '_specimendateid', 'type': 'integer'}]"
"ti.getspecimendatecalbyspecimendateid","[{'name': '_specimendateid', 'type': 'integer'}]"
"ti.getspecimendatesbygeochrondatasetid","[{'name': '_geochrondatasetid', 'type': 'integer'}]"
"ti.getspecimendatesbytaxonid","[{'name': '_taxonid', 'type': 'integer'}]"
"ti.getspecimendomesticstatusbyname","[{'name': '_domesticstatus', 'type': 'character varying'}]"
"ti.getspecimendomesticstatustypes","[{'name': None, 'type': ''}]"
"ti.getspecimenisotopedataset","[{'name': '_datasetid', 'type': 'integer'}]"
"ti.getspecimensampleid","[{'name': '_specimenid', 'type': 'integer'}]"
"ti.getspecimensexbyname","[{'name': '_sex', 'type': 'character varying'}]"
"ti.getspecimensextypes","[{'name': None, 'type': ''}]"
"ti.getspecimentaxonid","[{'name': '_specimenid', 'type': 'integer'}]"
"ti.getstatscolltypedatasetcount","[{'name': None, 'type': ''}]"
"ti.getsynonymsforinvalidtaxonid","[{'name': '_invalidtaxonid', 'type': 'integer'}]"
"ti.getsynonymsforvalidtaxonid","[{'name': '_validtaxonid', 'type': 'integer'}]"
"ti.getsynonymtype","[{'name': '_synonymtype', 'type': 'character varying'}]"
"ti.getsynonymtypestable","[{'name': None, 'type': ''}]"
"ti.gettablecolumns","[{'name': '_tablename', 'type': 'character varying'}]"
"ti.gettablemaxid","[{'name': '_tablename', 'type': 'character varying'}, {'name': '_columnname', 'type': 'character varying'}]"
"ti.gettableminid","[{'name': '_tablename', 'type': 'character varying'}, {'name': '_columnname', 'type': 'character varying'}]"
"ti.gettablerecordcount","[{'name': '_tablename', 'type': 'character varying'}]"
"ti.gettablerecordcountbymonth","[{'name': '_tablename', 'type': 'character varying'}]"
"ti.gettaphonomicsystembydatasettype","[{'name': '_datasettypeid', 'type': 'integer'}]"
"ti.gettaphonomicsystembyname","[{'name': '_taphonomicsystem', 'type': 'character varying'}]"
"ti.gettaphonomicsystemsbydatasettype","[{'name': '_datasettypeid', 'type': 'integer'}]"
"ti.gettaphonomicsystemsdatasettypestable","[{'name': None, 'type': ''}]"
"ti.gettaphonomicsystemstable","[{'name': None, 'type': ''}]"
"ti.gettaphonomictypeid","[{'name': '_taphonomictype', 'type': 'character varying'}, {'name': '_taphonomicsystemid', 'type': 'integer'}]"
"ti.gettaphonomictypesbyidlist","[{'name': '_taphonomictypeids', 'type': 'character varying'}]"
"ti.gettaphonomictypesbysystem","[{'name': '_taphonomicsystemid', 'type': 'integer'}]"
"ti.gettaphonomictypestable","[{'name': None, 'type': ''}]"
"ti.gettaxabycodeandtaxagroupid","[{'name': '_taxagroupid', 'type': 'character varying'}, {'name': '_taxoncode', 'type': 'character varying'}]"
"ti.gettaxabynamelist","[{'name': '_taxanames', 'type': 'text'}]"
"ti.gettaxabynamescount","[{'name': '_taxanames', 'type': 'character varying'}]"
"ti.gettaxabytaxagroupid","[{'name': '_taxagroupid', 'type': 'character varying'}]"
"ti.gettaxaecolgroupsbydatasettypelist","[{'name': '_datasettypeids', 'type': 'character varying'}]"
"ti.gettaxagroupbyid","[{'name': '_taxagroupid', 'type': 'character varying'}]"
"ti.gettaxagroupcodes","[{'name': None, 'type': ''}]"
"ti.gettaxagroupecolsetids","[{'name': '_taxagroupid', 'type': 'character varying'}]"
"ti.gettaxagroupelementtypes","[{'name': None, 'type': ''}]"
"ti.gettaxagroupid","[{'name': '_taxagroup', 'type': 'character varying'}]"
"ti.gettaxagrouppublications","[{'name': '_taxagroupid', 'type': 'character varying'}]"
"ti.gettaxagroupsfordatasettype","[{'name': '_datasettypeid', 'type': 'integer'}]"
"ti.gettaxagrouptypes","[{'name': None, 'type': ''}, {'name': None, 'type': ''}]"
"ti.gettaxalookupsynonymybytaxagroupidlist","[{'name': '_taxagrouplist', 'type': 'character varying'}]"
"ti.gettaxatable","[{'name': None, 'type': ''}]"
"ti.gettaxonbyid","[{'name': '_taxonid', 'type': 'integer'}]"
"ti.gettaxonbyname","[{'name': '_taxonname', 'type': 'character varying'}]"
"ti.gettaxondatarecordscount","[{'name': '_taxonid', 'type': 'integer'}]"
"ti.gettaxonhierarchy","[{'name': '_taxonname', 'type': 'character varying'}]"
"ti.gettaxonspecimendatescount","[{'name': '_taxonid', 'type': 'integer'}]"
"ti.gettaxonsynonymscount","[{'name': '_validtaxonid', 'type': 'integer'}]"
"ti.gettaxonsynonymycount","[{'name': '_taxonid', 'type': 'integer'}]"
"ti.gettaxonvarelements","[{'name': '_taxonname', 'type': 'character varying'}]"
"ti.gettaxonvarunits","[{'name': '_taxonname', 'type': 'character varying'}]"
"ti.getunitsdatasettypecount","[{'name': '_datasettypeid', 'type': 'integer'}, {'name': '_variableunitsid', 'type': 'integer'}]"
"ti.getunitsdatasettypestable","[{'name': None, 'type': ''}]"
"ti.getvalidsynonymbyinvalidtaxonid","[{'name': '_invalidtaxonid', 'type': 'integer'}]"
"ti.getvalidtaxabytaxagroupid","[{'name': '_taxagroupid', 'type': 'character varying'}]"
"ti.getvalidtaxabytaxagroupidlist","[{'name': '_taxagrouplist', 'type': 'character varying'}]"
"ti.getvalidtaxonbyname","[{'name': '_taxonname', 'type': 'character varying'}]"
"ti.getvarelemsbydatasettypeandtaxaidlist","[{'name': '_datasettype', 'type': 'character varying'}, {'name': '_taxaids', 'type': 'character varying'}]"
"ti.getvariablebycomponentnames","[{'name': '_context', 'type': 'character varying DEFAULT NULL::character varying'}, {'name': '_element', 'type': 'character varying DEFAULT NULL::character varying'}, {'name': '_taxon', 'type': 'character varying'}, {'name': '_units', 'type': 'character varying DEFAULT NULL::character varying'}]"
"ti.getvariablebycomponents","[{'name': '_variableelementid', 'type': 'integer DEFAULT NULL::integer'}, {'name': '_taxonid', 'type': 'integer'}, {'name': '_variableunitsid', 'type': 'integer DEFAULT NULL::integer'}, {'name': '_variablecontextid', 'type': 'integer DEFAULT NULL::integer'}]"
"ti.getvariablebyid","[{'name': '_variableid', 'type': 'integer'}]"
"ti.getvariablecontextid","[{'name': '_variablecontext', 'type': 'character varying'}]"
"ti.getvariablecontextstable","[{'name': None, 'type': ''}]"
"ti.getvariablecontextstablebydatasettypeid","[{'name': '_datasettypeid', 'type': 'integer'}]"
"ti.getvariabledatarecordscount","[{'name': '_variableid', 'type': 'integer'}]"
"ti.getvariableelementbyname","[{'name': '_variableelement', 'type': 'character varying'}]"
"ti.getvariableelementbypartids","[{'name': '_portionid', 'type': 'integer'}, {'name': '_maturityid', 'type': 'integer'}, {'name': '_elementtypeid', 'type': 'integer'}, {'name': '_symmetryid', 'type': 'integer'}]"
"ti.getvariableelementsbydatasettypeid","[{'name': '_datasettypeid', 'type': 'integer'}]"
"ti.getvariableelementstable","[{'name': None, 'type': ''}]"
"ti.getvariablesbytaxagroupidlist","[{'name': '_taxagrouplist', 'type': 'character varying'}]"
"ti.getvariablesbytaxonid","[{'name': '_taxonid', 'type': 'integer'}]"
"ti.getvariablestable","[{'name': None, 'type': ''}]"
"ti.getvariabletaxonid","[{'name': '_variableid', 'type': 'integer'}]"
"ti.getvariabletextbyid","[{'name': '_variableid', 'type': 'integer'}]"
"ti.getvariabletexybyid","[{'name': 'variableid', 'type': 'integer'}]"
"ti.getvariableunitsid","[{'name': '_variableunits', 'type': 'character varying'}]"
"ti.getvariableunitstable","[{'name': None, 'type': ''}]"
"ti.getvariableunitstablebydatasettypeid","[{'name': '_datasettypeid', 'type': 'integer'}]"
"ti.validateusername","[{'name': '_username', 'type': 'character varying'}, {'name': '_username', 'type': 'character varying'}]"
"ts.checksteward","[{'name': '_pwd', 'type': 'character varying'}, {'name': '_username', 'type': 'character varying'}]"
"ts.combinecontacts","[{'name': '_keepcontactid', 'type': 'integer'}, {'name': '_contactidlist', 'type': 'character varying'}]"
"ts.deleteanalysisunit","[{'name': '_analunitid', 'type': 'integer'}]"
"ts.deletechronology","[{'name': '_chronologyid', 'type': 'integer'}]"
"ts.deletecollectionunit","[{'name': '_collectionunitid', 'type': 'integer'}]"
"ts.deletecollectors","[{'name': '_collunitid', 'type': 'integer'}]"
"ts.deletedata","[{'name': '_dataid', 'type': 'integer'}]"
"ts.deletedataprocessor","[{'name': '_datasetid', 'type': 'integer'}, {'name': '_contactid', 'type': 'integer'}]"
"ts.deletedataset","[{'name': '_datasetid', 'type': 'integer'}]"
"ts.deletedatasetpi","[{'name': '_contactid', 'type': 'integer'}, {'name': '_datasetid', 'type': 'integer'}]"
"ts.deletedatasetpublication","[{'name': '_datasetid', 'type': 'integer'}, {'name': '_publicationid', 'type': 'integer'}]"
"ts.deletedatasettaxonnotes","[{'name': '_contactid', 'type': 'integer'}, {'name': '_datasetid', 'type': 'integer'}, {'name': '_taxonid', 'type': 'integer'}]"
"ts.deletedatasetvariable","[{'name': '_variableid', 'type': 'integer'}, {'name': '_datasetid', 'type': 'integer'}]"
"ts.deletedepenvttype","[{'name': '_depenvtid', 'type': 'integer'}]"
"ts.deleteecolgroup","[{'name': '_taxonid', 'type': 'integer'}, {'name': '_ecolsetid', 'type': 'integer'}]"
"ts.deleteeventpublication","[{'name': '_publicationid', 'type': 'integer'}, {'name': '_eventid', 'type': 'integer'}]"
"ts.deletegeochron","[{'name': '_geochronid', 'type': 'integer'}]"
"ts.deletegeochroncontrol","[{'name': '_chroncontrolid', 'type': 'integer'}]"
"ts.deletegeochronpublication","[{'name': '_publicationid', 'type': 'integer'}, {'name': '_geochronid', 'type': 'integer'}]"
"ts.deletepublicationauthor","[{'name': '_authorid', 'type': 'integer'}]"
"ts.deletepublicationeditor","[{'name': '_editorid', 'type': 'integer'}]"
"ts.deletepublicationtranslator","[{'name': '_translatorid', 'type': 'integer'}]"
"ts.deleterelativeagepublication","[{'name': '_relativeageid', 'type': 'integer'}, {'name': '_publicationid', 'type': 'integer'}]"
"ts.deleterepositoryspecimen","[{'name': '_repositoryid', 'type': 'integer'}, {'name': '_datasetid', 'type': 'integer'}]"
"ts.deletesample","[{'name': '_sampleid', 'type': 'integer'}]"
"ts.deletesampleanalysts","[{'name': '_sampleid', 'type': 'integer'}]"
"ts.deletesite","[{'name': '_siteid', 'type': 'integer'}]"
"ts.deletesynonymy","[{'name': '_contactid', 'type': 'integer'}, {'name': '_synonymyid', 'type': 'integer'}]"
"ts.deletetaxon","[{'name': '_taxonid', 'type': 'integer'}]"
"ts.deletevariablebyvariableid","[{'name': '_variableid', 'type': 'integer'}]"
"ts.deletevariablecontext","[{'name': '_variablecontextid', 'type': 'integer'}]"
"ts.deletevariablesbytaxonid","[{'name': '_taxonid', 'type': 'integer'}]"
"ts.insertaggregatechronology","[{'name': '_ageboundolder', 'type': 'integer'}, {'name': '_aggregatedatasetid', 'type': 'integer'}, {'name': '_agetypeid', 'type': 'integer'}, {'name': '_isdefault', 'type': 'boolean'}, {'name': '_chronologyname', 'type': 'character varying'}, {'name': '_ageboundyounger', 'type': 'integer'}, {'name': '_notes', 'type': 'character varying'}]"
"ts.insertaggregatedataset","[{'name': '_notes', 'type': 'text DEFAULT NULL::text'}, {'name': '_ordertypeid', 'type': 'integer'}, {'name': '_name', 'type': 'character varying'}]"
"ts.insertaggregatesample","[{'name': '_sampleid', 'type': 'integer'}, {'name': '_aggregatedatasetid', 'type': 'integer'}]"
"ts.insertaggregatesampleages","[{'name': '_aggregatechronid', 'type': 'integer'}, {'name': '_aggregatedatasetid', 'type': 'integer'}]"
"ts.insertanalysisunit","[{'name': '_analysisunitname', 'type': 'character varying DEFAULT NULL::character varying'}, {'name': '_notes', 'type': 'character varying DEFAULT NULL::character varying'}, {'name': '_igsn', 'type': 'character varying DEFAULT NULL::character varying'}, {'name': '_mixed', 'type': 'boolean DEFAULT NULL::boolean'}, {'name': '_faciesid', 'type': 'integer DEFAULT NULL::integer'}, {'name': '_thickness', 'type': 'double precision DEFAULT NULL::double precision'}, {'name': '_depth', 'type': 'double precision DEFAULT NULL::double precision'}, {'name': '_collectionunitid', 'type': 'integer'}]"
"ts.insertanalysisunitaltdepth","[{'name': '_altdepthscaleid', 'type': 'integer'}, {'name': '_analysisunitid', 'type': 'integer'}, {'name': '_altdepth', 'type': 'double precision'}]"
"ts.insertanalysisunitaltdepthscale","[{'name': '_variableunitsid', 'type': 'integer'}, {'name': '_altdepthname', 'type': 'character varying'}, {'name': '_altdepthid', 'type': 'integer'}, {'name': '_notes', 'type': 'character varying DEFAULT NULL::character varying'}]"
"ts.insertcalibrationprogram","[{'name': '_calibrationprogram', 'type': 'character varying'}, {'name': '_version', 'type': 'character varying'}]"
"ts.insertchroncontrol","[{'name': '_chronologyid', 'type': 'integer'}, {'name': '_chroncontroltypeid', 'type': 'integer'}, {'name': '_analysisunitid', 'type': 'integer DEFAULT NULL::integer'}, {'name': '_depth', 'type': 'double precision DEFAULT NULL::double precision'}, {'name': '_thickness', 'type': 'double precision DEFAULT NULL::double precision'}, {'name': '_agetypeid', 'type': 'integer DEFAULT NULL::integer'}, {'name': '_age', 'type': 'double precision DEFAULT NULL::double precision'}, {'name': '_agelimityounger', 'type': 'double precision DEFAULT NULL::double precision'}, {'name': '_agelimitolder', 'type': 'double precision DEFAULT NULL::double precision'}, {'name': '_notes', 'type': 'character varying DEFAULT NULL::character varying'}]"
"ts.insertchroncontrolcal14c","[{'name': '_chroncontrolid', 'type': 'integer'}, {'name': '_calibrationcurveid', 'type': 'integer'}, {'name': '_calibrationprogramid', 'type': 'integer'}]"
"ts.insertchroncontroltype","[{'name': '_higherchroncontroltypeid', 'type': 'integer'}, {'name': '_chroncontroltype', 'type': 'character varying'}]"
"ts.insertchronology","[{'name': '_agetypeid', 'type': 'integer DEFAULT NULL::integer'}, {'name': '_contactid', 'type': 'integer DEFAULT NULL::integer'}, {'name': '_notes', 'type': 'text DEFAULT NULL::text'}, {'name': '_ageboundolder', 'type': 'integer DEFAULT NULL::integer'}, {'name': '_agemodel', 'type': 'character varying DEFAULT NULL::character varying'}, {'name': '_ageboundyounger', 'type': 'integer DEFAULT NULL::integer'}, {'name': '_dateprepared', 'type': 'date DEFAULT NULL::date'}, {'name': '_chronologyname', 'type': 'character varying DEFAULT NULL::character varying'}, {'name': '_isdefault', 'type': 'boolean DEFAULT NULL::boolean'}, {'name': '_collectionunitid', 'type': 'integer'}]"
"ts.insertcollectionunit","[{'name': '_collunitname', 'type': 'character varying DEFAULT NULL::character varying'}, {'name': '_colldevice', 'type': 'character varying DEFAULT NULL::character varying'}, {'name': '_waterdepth', 'type': 'double precision DEFAULT NULL::double precision'}, {'name': '_gpserror', 'type': 'double precision DEFAULT NULL::double precision'}, {'name': '_gpsaltitude', 'type': 'double precision DEFAULT NULL::double precision'}, {'name': '_gpslongitude', 'type': 'double precision DEFAULT NULL::double precision'}, {'name': '_gpslatitude', 'type': 'double precision DEFAULT NULL::double precision'}, {'name': '_colltypeid', 'type': 'integer DEFAULT NULL::integer'}, {'name': '_depenvtid', 'type': 'integer DEFAULT NULL::integer'}, {'name': '_siteid', 'type': 'integer'}, {'name': '_handle', 'type': 'character varying'}, {'name': '_notes', 'type': 'character varying DEFAULT NULL::character varying'}, {'name': '_colldate', 'type': 'date DEFAULT NULL::date'}, {'name': '_watertabledepth', 'type': 'double precision DEFAULT NULL::double precision'}, {'name': '_substrateid', 'type': 'integer DEFAULT NULL::integer'}, {'name': '_slopeaspect', 'type': 'integer DEFAULT NULL::integer'}, {'name': '_slopeangle', 'type': 'integer DEFAULT NULL::integer'}, {'name': '_location', 'type': 'character varying DEFAULT NULL::character varying'}]"
"ts.insertcollector","[{'name': '_collectororder', 'type': 'integer'}, {'name': '_contactid', 'type': 'integer'}, {'name': '_collunitid', 'type': 'integer'}]"
"ts.insertcontact","[{'name': '_givennames', 'type': 'character varying DEFAULT NULL::character varying'}, {'name': '_aliasid', 'type': 'integer DEFAULT NULL::integer'}, {'name': '_contactname', 'type': 'character varying DEFAULT NULL::character varying'}, {'name': '_statusid', 'type': 'integer DEFAULT NULL::integer'}, {'name': '_familyname', 'type': 'character varying DEFAULT NULL::character varying'}, {'name': '_initials', 'type': 'character varying DEFAULT NULL::character varying'}, {'name': '_suffix', 'type': 'character varying DEFAULT NULL::character varying'}, {'name': '_title', 'type': 'character varying DEFAULT NULL::character varying'}, {'name': '_phone', 'type': 'character varying DEFAULT NULL::character varying'}, {'name': '_fax', 'type': 'character varying DEFAULT NULL::character varying'}, {'name': '_email', 'type': 'character varying DEFAULT NULL::character varying'}, {'name': '_url', 'type': 'character varying DEFAULT NULL::character varying'}, {'name': '_address', 'type': 'character varying DEFAULT NULL::character varying'}, {'name': '_notes', 'type': 'character varying DEFAULT NULL::character varying'}]"
"ts.insertcontextdatasettypes","[{'name': '_variablecontextid', 'type': 'integer'}, {'name': '_datasettypeid', 'type': 'integer'}]"
"ts.insertdata","[{'name': '_sampleid', 'type': 'integer'}, {'name': '_variableid', 'type': 'integer'}, {'name': '_value', 'type': 'double precision'}]"
"ts.insertdataprocessor","[{'name': '_contactid', 'type': 'integer'}, {'name': '_datasetid', 'type': 'integer'}]"
"ts.insertdataset","[{'name': '_datasetname', 'type': 'character varying DEFAULT NULL::character varying'}, {'name': '_collectionunitid', 'type': 'integer'}, {'name': '_datasettypeid', 'type': 'integer'}, {'name': '_notes', 'type': 'character varying DEFAULT NULL::character varying'}]"
"ts.insertdatasetdatabase","[{'name': '_datasetid', 'type': 'integer'}, {'name': '_databaseid', 'type': 'integer'}]"
"ts.insertdatasetpi","[{'name': '_contactid', 'type': 'integer'}, {'name': '_datasetid', 'type': 'integer'}, {'name': '_piorder', 'type': 'integer'}]"
"ts.insertdatasetpublication","[{'name': '_primarypub', 'type': 'boolean'}, {'name': '_publicationid', 'type': 'integer'}, {'name': '_datasetid', 'type': 'integer'}]"
"ts.insertdatasetrepository","[{'name': '_repositoryid', 'type': 'integer'}, {'name': '_datasetid', 'type': 'integer'}, {'name': '_notes', 'type': 'character varying DEFAULT NULL::character varying'}]"
"ts.insertdatasetsubmission","[{'name': '_submissiondate', 'type': 'character varying'}, {'name': '_datasetid', 'type': 'integer'}, {'name': '_databaseid', 'type': 'integer'}, {'name': '_contactid', 'type': 'integer'}, {'name': '_submissiontypeid', 'type': 'integer'}, {'name': '_notes', 'type': 'character varying DEFAULT NULL::character varying'}]"
"ts.insertdatasettaxonnotes","[{'name': '_notes', 'type': 'character varying'}, {'name': '_update', 'type': 'boolean'}, {'name': '_date', 'type': 'character varying'}, {'name': '_contactid', 'type': 'integer'}, {'name': '_taxonid', 'type': 'integer'}, {'name': '_datasetid', 'type': 'integer'}]"
"ts.insertdepagent","[{'name': '_depagentid', 'type': 'integer'}, {'name': '_analysisunitid', 'type': 'integer'}]"
"ts.insertdepagenttypes","[{'name': '_depagent', 'type': 'character varying'}]"
"ts.insertdepenvttype","[{'name': '_depenvthigherid', 'type': 'integer DEFAULT NULL::integer'}, {'name': '_depenvt', 'type': 'character varying'}]"
"ts.insertecolgroup","[{'name': '_ecolsetid', 'type': 'integer'}, {'name': '_taxonid', 'type': 'integer'}, {'name': '_ecolgroupid', 'type': 'character varying'}]"
"ts.insertecolgrouptype","[{'name': '_ecolgroupid', 'type': 'character varying'}, {'name': '_ecolgroup', 'type': 'character varying'}]"
"ts.insertelementdatasettaxagroups","[{'name': '_taxagroupid', 'type': 'character varying'}, {'name': '_elementtypeid', 'type': 'integer'}, {'name': '_datasettypeid', 'type': 'integer'}]"
"ts.insertelementmaturity","[{'name': '_maturity', 'type': 'character varying'}]"
"ts.insertelementportion","[{'name': '_portion', 'type': 'character varying'}]"
"ts.insertelementsymmetry","[{'name': '_symmetry', 'type': 'character varying'}]"
"ts.insertelementtaxagroupmaturity","[{'name': '_maturityid', 'type': 'integer'}, {'name': '_elementtaxagroupid', 'type': 'integer'}]"
"ts.insertelementtaxagroupportion","[{'name': '_elementtaxagroupid', 'type': 'integer'}, {'name': '_portionid', 'type': 'integer'}]"
"ts.insertelementtaxagroups","[{'name': '_taxagroupid', 'type': 'character varying'}, {'name': '_elementtypeid', 'type': 'integer'}]"
"ts.insertelementtaxagroupsymmetry","[{'name': '_symmetryid', 'type': 'integer'}, {'name': '_elementtaxagroupid', 'type': 'integer'}]"
"ts.insertelementtype","[{'name': '_elementtype', 'type': 'character varying'}]"
"ts.insertevent","[{'name': '_eventname', 'type': 'character varying'}, {'name': '_c14age', 'type': 'double precision DEFAULT NULL::double precision'}, {'name': '_c14ageyounger', 'type': 'double precision DEFAULT NULL::double precision'}, {'name': '_notes', 'type': 'character varying DEFAULT NULL::character varying'}, {'name': '_c14ageolder', 'type': 'double precision DEFAULT NULL::double precision'}, {'name': '_calage', 'type': 'double precision DEFAULT NULL::double precision'}, {'name': '_calageyounger', 'type': 'double precision DEFAULT NULL::double precision'}, {'name': '_calageolder', 'type': 'double precision DEFAULT NULL::double precision'}, {'name': '_eventtypeid', 'type': 'integer'}]"
"ts.inserteventchronology","[{'name': '_eventid', 'type': 'integer'}, {'name': '_chroncontrolid', 'type': 'integer'}, {'name': '_analysisunitid', 'type': 'integer'}, {'name': '_notes', 'type': 'character varying DEFAULT NULL::character varying'}]"
"ts.inserteventpublication","[{'name': '_publicationid', 'type': 'integer'}, {'name': '_eventid', 'type': 'integer'}]"
"ts.insertfaciestypes","[{'name': '_facies', 'type': 'character varying'}]"
"ts.insertformtaxon","[{'name': '_systematicdescription', 'type': 'boolean'}, {'name': '_publicationid', 'type': 'integer'}, {'name': '_affinityid', 'type': 'integer'}, {'name': '_taxonid', 'type': 'integer'}]"
"ts.insertfractiondated","[{'name': '_fraction', 'type': 'character varying'}]"
"ts.insertgeochron","[{'name': '_erroryounger', 'type': 'double precision DEFAULT NULL::double precision'}, {'name': '_sampleid', 'type': 'integer'}, {'name': '_geochrontypeid', 'type': 'integer'}, {'name': '_agetypeid', 'type': 'integer'}, {'name': '_age', 'type': 'double precision DEFAULT NULL::double precision'}, {'name': '_errorolder', 'type': 'double precision DEFAULT NULL::double precision'}, {'name': '_infinite', 'type': 'boolean DEFAULT false'}, {'name': '_delta13c', 'type': 'double precision DEFAULT NULL::double precision'}, {'name': '_labnumber', 'type': 'character varying DEFAULT NULL::character varying'}, {'name': '_materialdated', 'type': 'character varying DEFAULT NULL::character varying'}, {'name': '_notes', 'type': 'character varying DEFAULT NULL::character varying'}]"
"ts.insertgeochroncontrol","[{'name': '_chroncontrolid', 'type': 'integer'}, {'name': '_geochronid', 'type': 'integer'}]"
"ts.insertgeochronpublication","[{'name': '_publicationid', 'type': 'integer'}, {'name': '_geochronid', 'type': 'integer'}]"
"ts.insertgeopoliticalunit","[{'name': '_geopolname', 'type': 'character varying'}, {'name': '_higherid', 'type': 'integer'}, {'name': '_rank', 'type': 'integer'}, {'name': '_geopolunit', 'type': 'character varying'}]"
"ts.insertisoinstrumention","[{'name': '_insterrorlongtermpercent', 'type': 'double precision DEFAULT NULL::double precision'}, {'name': '_notes', 'type': 'character varying DEFAULT NULL::character varying'}, {'name': '_isosampleintrosystemtypeid', 'type': 'integer DEFAULT NULL::integer'}, {'name': '_isoinstrumentationtypeid', 'type': 'integer DEFAULT NULL::integer'}, {'name': '_variableid', 'type': 'integer'}, {'name': '_datasetid', 'type': 'integer'}, {'name': '_insterrorpercent', 'type': 'double precision DEFAULT NULL::double precision'}, {'name': '_insterrorrunsd', 'type': 'double precision DEFAULT NULL::double precision'}]"
"ts.insertisometadata","[{'name': '_isosubstratetypeid', 'type': 'integer DEFAULT NULL::integer'}, {'name': '_dataid', 'type': 'integer'}, {'name': '_isomatanaltypeid', 'type': 'integer DEFAULT NULL::integer'}, {'name': '_lab', 'type': 'character varying DEFAULT NULL::character varying'}, {'name': '_reps', 'type': 'integer DEFAULT NULL::integer'}, {'name': '_massmg', 'type': 'double precision DEFAULT NULL::double precision'}, {'name': '_labnumber', 'type': 'character varying DEFAULT NULL::character varying'}, {'name': '_weightpercent', 'type': 'double precision DEFAULT NULL::double precision'}, {'name': '_analystid', 'type': 'integer DEFAULT NULL::integer'}, {'name': '_atomicpercent', 'type': 'double precision DEFAULT NULL::double precision'}]"
"ts.insertisosamplepretreatments","[{'name': '_isopretreatmenttypeid', 'type': 'integer'}, {'name': '_order', 'type': 'integer'}, {'name': '_value', 'type': 'double precision DEFAULT NULL::double precision'}, {'name': '_dataid', 'type': 'integer'}]"
"ts.insertisospecimendata","[{'name': '_specimenid', 'type': 'integer'}, {'name': '_dataid', 'type': 'integer'}, {'name': '_sd', 'type': 'double precision DEFAULT NULL::double precision'}]"
"ts.insertisospecimentaphonomy","[{'name': '_specimenid', 'type': 'integer'}, {'name': '_taphonomictypeid', 'type': 'integer'}]"
"ts.insertisosrmetadata","[{'name': '_srlocalvalue', 'type': 'double precision DEFAULT NULL::double precision'}, {'name': '_datasetid', 'type': 'integer'}, {'name': '_srlocalgeolcontext', 'type': 'character varying DEFAULT NULL::character varying'}, {'name': '_variableid', 'type': 'integer'}]"
"ts.insertisostandards","[{'name': '_datasetid', 'type': 'integer'}, {'name': '_isostandardid', 'type': 'integer'}, {'name': '_value', 'type': 'double precision'}, {'name': '_variableid', 'type': 'integer'}]"
"ts.insertisostratdata","[{'name': '_taxonid', 'type': 'integer DEFAULT NULL::integer'}, {'name': '_dataid', 'type': 'integer'}, {'name': '_elementtypeid', 'type': 'integer DEFAULT NULL::integer'}, {'name': '_sd', 'type': 'double precision DEFAULT NULL::double precision'}]"
"ts.insertlakeparameter","[{'name': '_lakeparameterid', 'type': 'integer'}, {'name': '_value', 'type': 'double precision'}, {'name': '_siteid', 'type': 'integer'}]"
"ts.insertlithology","[{'name': '_collectionunitid', 'type': 'integer'}, {'name': '_depthbottom', 'type': 'double precision DEFAULT NULL::double precision'}, {'name': '_lowerboundary', 'type': 'character varying DEFAULT NULL::character varying'}, {'name': '_description', 'type': 'character varying DEFAULT NULL::character varying'}, {'name': '_depthtop', 'type': 'double precision DEFAULT NULL::double precision'}]"
"ts.insertnewdatasetpi","[{'name': '_contactid', 'type': 'integer'}, {'name': '_datasetid', 'type': 'integer'}]"
"ts.insertpublication","[{'name': '_state', 'type': 'character varying DEFAULT NULL::character varying'}, {'name': '_notes', 'type': 'character varying DEFAULT NULL::character varying'}, {'name': '_doi', 'type': 'character varying DEFAULT NULL::character varying'}, {'name': '_booktitle', 'type': 'character varying DEFAULT NULL::character varying'}, {'name': '_numvol', 'type': 'character varying DEFAULT NULL::character varying'}, {'name': '_edition', 'type': 'character varying DEFAULT NULL::character varying'}, {'name': '_voltitle', 'type': 'character varying DEFAULT NULL::character varying'}, {'name': '_sertitle', 'type': 'character varying DEFAULT NULL::character varying'}, {'name': '_servol', 'type': 'character varying DEFAULT NULL::character varying'}, {'name': '_publisher', 'type': 'character varying DEFAULT NULL::character varying'}, {'name': '_url', 'type': 'character varying DEFAULT NULL::character varying'}, {'name': '_city', 'type': 'character varying DEFAULT NULL::character varying'}, {'name': '_country', 'type': 'character varying DEFAULT NULL::character varying'}, {'name': '_origlang', 'type': 'character varying DEFAULT NULL::character varying'}, {'name': '_pubtypeid', 'type': 'integer'}, {'name': '_year', 'type': 'character varying DEFAULT NULL::character varying'}, {'name': '_citation', 'type': 'character varying DEFAULT NULL::character varying'}, {'name': '_title', 'type': 'character varying DEFAULT NULL::character varying'}, {'name': '_journal', 'type': 'character varying DEFAULT NULL::character varying'}, {'name': '_vol', 'type': 'character varying DEFAULT NULL::character varying'}, {'name': '_issue', 'type': 'character varying DEFAULT NULL::character varying'}, {'name': '_pages', 'type': 'character varying DEFAULT NULL::character varying'}, {'name': '_citnumber', 'type': 'character varying DEFAULT NULL::character varying'}]"
"ts.insertpublicationauthors","[{'name': '_publicationid', 'type': 'integer'}, {'name': '_authororder', 'type': 'integer'}, {'name': '_familyname', 'type': 'character varying'}, {'name': '_initials', 'type': 'character varying DEFAULT NULL::character varying'}, {'name': '_suffix', 'type': 'character varying DEFAULT NULL::character varying'}, {'name': '_contactid', 'type': 'integer DEFAULT NULL::integer'}]"
"ts.insertpublicationeditors","[{'name': '_publicationid', 'type': 'integer'}, {'name': '_editororder', 'type': 'integer'}, {'name': '_familyname', 'type': 'character varying'}, {'name': '_initials', 'type': 'character varying DEFAULT NULL::character varying'}, {'name': '_suffix', 'type': 'character varying DEFAULT NULL::character varying'}]"
"ts.insertpublicationtranslators","[{'name': '_translatororder', 'type': 'integer'}, {'name': '_suffix', 'type': 'character varying DEFAULT NULL::character varying'}, {'name': '_initials', 'type': 'character varying DEFAULT NULL::character varying'}, {'name': '_familyname', 'type': 'character varying'}, {'name': '_publicationid', 'type': 'integer'}]"
"ts.insertradiocarbon","[{'name': '_geochronid', 'type': 'integer'}, {'name': '_reservoir', 'type': 'double precision DEFAULT NULL::double precision'}, {'name': '_percentcollagen', 'type': 'double precision DEFAULT NULL::double precision'}, {'name': '_masscmg', 'type': 'double precision DEFAULT NULL::double precision'}, {'name': '_cnratio', 'type': 'double precision DEFAULT NULL::double precision'}, {'name': '_delta15n', 'type': 'double precision DEFAULT NULL::double precision'}, {'name': '_delta13c', 'type': 'double precision DEFAULT NULL::double precision'}, {'name': '_percentn', 'type': 'double precision DEFAULT NULL::double precision'}, {'name': '_percentc', 'type': 'double precision DEFAULT NULL::double precision'}, {'name': '_radiocarbonmethodid', 'type': 'integer DEFAULT NULL::integer'}]"
"ts.insertrelativeage","[{'name': '_notes', 'type': 'character varying DEFAULT NULL::character varying'}, {'name': '_relativeageunitid', 'type': 'integer'}, {'name': '_relativeagescaleid', 'type': 'integer'}, {'name': '_relativeage', 'type': 'character varying'}, {'name': '_c14ageyounger', 'type': 'double precision DEFAULT NULL::double precision'}, {'name': '_c14ageolder', 'type': 'double precision DEFAULT NULL::double precision'}, {'name': '_calageyounger', 'type': 'double precision DEFAULT NULL::double precision'}, {'name': '_calageolder', 'type': 'double precision DEFAULT NULL::double precision'}]"
"ts.insertrelativeagepublication","[{'name': '_relativeageid', 'type': 'integer'}, {'name': '_publicationid', 'type': 'integer'}]"
"ts.insertrelativechronology","[{'name': '_chroncontrolid', 'type': 'integer'}, {'name': '_notes', 'type': 'character varying DEFAULT NULL::character varying'}, {'name': '_relativeageid', 'type': 'integer'}, {'name': '_analysisunitid', 'type': 'integer'}]"
"ts.insertrepositoryinstitution","[{'name': '_acronym', 'type': 'character varying'}, {'name': '_repository', 'type': 'character varying'}, {'name': '_notes', 'type': 'character varying DEFAULT NULL::character varying'}]"
"ts.insertsample","[{'name': '_labnumber', 'type': 'character varying DEFAULT NULL::character varying'}, {'name': '_prepmethod', 'type': 'character varying DEFAULT NULL::character varying'}, {'name': '_notes', 'type': 'character varying DEFAULT NULL::character varying'}, {'name': '_samplename', 'type': 'character varying DEFAULT NULL::character varying'}, {'name': '_datasetid', 'type': 'integer'}, {'name': '_analysisunitid', 'type': 'integer'}, {'name': '_taxonid', 'type': 'integer DEFAULT NULL::integer'}, {'name': '_analysisdate', 'type': 'character varying DEFAULT NULL::character varying'}, {'name': '_sampledate', 'type': 'character varying DEFAULT NULL::character varying'}]"
"ts.insertsampleage","[{'name': '_chronologyid', 'type': 'integer'}, {'name': '_sampleid', 'type': 'integer'}, {'name': '_ageyounger', 'type': 'double precision DEFAULT NULL::double precision'}, {'name': '_ageolder', 'type': 'double precision DEFAULT NULL::double precision'}, {'name': '_age', 'type': 'double precision DEFAULT NULL::double precision'}]"
"ts.insertsampleanalyst","[{'name': '_sampleid', 'type': 'integer'}, {'name': '_contactid', 'type': 'integer'}, {'name': '_analystorder', 'type': 'integer'}]"
"ts.insertsamplekeyword","[{'name': '_sampleid', 'type': 'integer'}, {'name': '_keywordid', 'type': 'integer'}]"
"ts.insertsite","[{'name': '_notes', 'type': 'character varying DEFAULT NULL::character varying'}, {'name': '_descript', 'type': 'character varying DEFAULT NULL::character varying'}, {'name': '_area', 'type': 'numeric DEFAULT NULL::numeric'}, {'name': '_altitude', 'type': 'integer DEFAULT NULL::integer'}, {'name': '_south', 'type': 'numeric'}, {'name': '_west', 'type': 'numeric'}, {'name': '_north', 'type': 'numeric'}, {'name': '_east', 'type': 'numeric'}, {'name': '_sitename', 'type': 'character varying'}]"
"ts.insertsitegeopol","[{'name': '_geopoliticalid', 'type': 'integer'}, {'name': '_siteid', 'type': 'integer'}]"
"ts.insertspecimen","[{'name': '_preservative', 'type': 'character varying DEFAULT NULL::character varying'}, {'name': '_dataid', 'type': 'integer'}, {'name': '_elementtypeid', 'type': 'integer DEFAULT NULL::integer'}, {'name': '_symmetryid', 'type': 'integer DEFAULT NULL::integer'}, {'name': '_portionid', 'type': 'integer DEFAULT NULL::integer'}, {'name': '_maturityid', 'type': 'integer DEFAULT NULL::integer'}, {'name': '_sexid', 'type': 'integer DEFAULT NULL::integer'}, {'name': '_domesticstatusid', 'type': 'integer DEFAULT NULL::integer'}, {'name': '_nisp', 'type': 'double precision DEFAULT NULL::double precision'}, {'name': '_repositoryid', 'type': 'integer DEFAULT NULL::integer'}, {'name': '_specimennr', 'type': 'character varying DEFAULT NULL::character varying'}, {'name': '_fieldnr', 'type': 'character varying DEFAULT NULL::character varying'}, {'name': '_arctosnr', 'type': 'character varying DEFAULT NULL::character varying'}, {'name': '_notes', 'type': 'character varying DEFAULT NULL::character varying'}]"
"ts.insertspecimendate","[{'name': '_sampleid', 'type': 'integer DEFAULT NULL::integer'}, {'name': '_fractionid', 'type': 'integer DEFAULT NULL::integer'}, {'name': '_elementtypeid', 'type': 'integer DEFAULT NULL::integer'}, {'name': '_taxonid', 'type': 'integer DEFAULT NULL::integer'}, {'name': '_specimenid', 'type': 'integer DEFAULT NULL::integer'}, {'name': '_geochronid', 'type': 'integer'}, {'name': '_notes', 'type': 'character varying DEFAULT NULL::character varying'}]"
"ts.insertspecimendatecal","[{'name': '_datecalibrated', 'type': 'character varying DEFAULT NULL::character varying'}, {'name': '_calibrationcurveid', 'type': 'integer DEFAULT NULL::integer'}, {'name': '_calibrationprogramid', 'type': 'integer DEFAULT NULL::integer'}, {'name': '_calage', 'type': 'double precision DEFAULT NULL::double precision'}, {'name': '_calageolder', 'type': 'double precision DEFAULT NULL::double precision'}, {'name': '_calageyounger', 'type': 'double precision DEFAULT NULL::double precision'}, {'name': '_specimendatecalid', 'type': 'integer'}]"
"ts.insertspecimengenbanknr","[{'name': '_genbanknr', 'type': 'character varying'}, {'name': '_specimenid', 'type': 'integer'}]"
"ts.insertspecimentaphonomy","[{'name': '_taphonomictypeid', 'type': 'integer'}, {'name': '_specimenid', 'type': 'integer'}]"
"ts.insertsteward","[{'name': '_taxonomyexpert', 'type': 'boolean'}, {'name': '_password', 'type': 'character varying'}, {'name': '_contactid', 'type': 'integer'}, {'name': '_username', 'type': 'character varying'}, {'name': '_databaseid', 'type': 'integer'}]"
"ts.insertsummarydatataphonomy","[{'name': '_taphonomictypeid', 'type': 'integer'}, {'name': '_dataid', 'type': 'integer'}]"
"ts.insertsynonym","[{'name': '_synonymtypeid', 'type': 'integer DEFAULT NULL::integer'}, {'name': '_invalidtaxonid', 'type': 'integer'}, {'name': '_validtaxonid', 'type': 'integer'}]"
"ts.insertsynonymtype","[{'name': '_synonymtype', 'type': 'character varying'}]"
"ts.insertsynonymy","[{'name': '_fromcontributor', 'type': 'boolean DEFAULT false'}, {'name': '_datesynoynmized', 'type': 'character varying DEFAULT NULL::character varying'}, {'name': '_contactid', 'type': 'integer DEFAULT NULL::integer'}, {'name': '_notes', 'type': 'character varying DEFAULT NULL::character varying'}, {'name': '_publicationid', 'type': 'integer DEFAULT NULL::integer'}, {'name': '_reftaxonid', 'type': 'integer'}, {'name': '_taxonid', 'type': 'integer'}, {'name': '_datasetid', 'type': 'integer'}]"
"ts.inserttaphonomicsystem","[{'name': '_notes', 'type': 'character varying DEFAULT NULL::character varying'}, {'name': '_taphonomicsystem', 'type': 'character varying'}]"
"ts.inserttaphonomicsystemdatasettype","[{'name': '_datasettypeid', 'type': 'integer'}, {'name': '_taphonomicsystemid', 'type': 'integer'}]"
"ts.inserttaphonomictype","[{'name': '_taphonomicsystemid', 'type': 'integer'}, {'name': '_taphonomictype', 'type': 'character varying'}, {'name': '_notes', 'type': 'character varying DEFAULT NULL::character varying'}]"
"ts.inserttaxagroup","[{'name': '_taxagroup', 'type': 'character varying'}, {'name': '_taxagroupid', 'type': 'character varying'}]"
"ts.inserttaxon","[{'name': '_validatedate', 'type': 'character varying DEFAULT NULL::character varying'}, {'name': '_name', 'type': 'character varying'}, {'name': '_author', 'type': 'character varying DEFAULT NULL::character varying'}, {'name': '_valid', 'type': 'boolean DEFAULT true'}, {'name': '_higherid', 'type': 'integer DEFAULT NULL::integer'}, {'name': '_extinct', 'type': 'boolean DEFAULT false'}, {'name': '_groupid', 'type': 'character DEFAULT NULL::bpchar'}, {'name': '_notes', 'type': 'character varying DEFAULT NULL::character varying'}, {'name': '_pubid', 'type': 'integer DEFAULT NULL::integer'}, {'name': '_validatorid', 'type': 'integer DEFAULT NULL::integer'}, {'name': '_code', 'type': 'character varying'}]"
"ts.inserttephra","[{'name': '_notes', 'type': 'character varying DEFAULT NULL::character varying'}, {'name': '_eventid', 'type': 'integer'}, {'name': '_analysisunitid', 'type': 'integer'}]"
"ts.insertunitsdatasettypes","[{'name': '_variableunitsid', 'type': 'integer'}, {'name': '_datasettypeid', 'type': 'integer'}]"
"ts.insertvariable","[{'name': '_variablecontextid', 'type': 'integer DEFAULT NULL::integer'}, {'name': '_variableunitsid', 'type': 'integer DEFAULT NULL::integer'}, {'name': '_variableelementid', 'type': 'integer'}, {'name': '_taxonid', 'type': 'integer'}]"
"ts.insertvariablecontext","[{'name': '_context', 'type': 'character varying'}]"
"ts.insertvariableelement","[{'name': '_maturityid', 'type': 'integer DEFAULT NULL::integer'}, {'name': '_variableelement', 'type': 'character varying'}, {'name': '_elementtype', 'type': 'integer'}, {'name': '_symmetryid', 'type': 'integer DEFAULT NULL::integer'}, {'name': '_portionid', 'type': 'integer DEFAULT NULL::integer'}]"
"ts.insertvariableunits","[{'name': '_units', 'type': 'character varying'}]"
"ts.linkhigher","[{'name': None, 'type': ''}]"
"ts.updateanalysisunitdepth","[{'name': '_analysisunitid', 'type': 'integer'}, {'name': '_depth', 'type': 'double precision'}]"
"ts.updateanalysisunitname","[{'name': '_analysisunitid', 'type': 'integer'}, {'name': '_analysisunitname', 'type': 'character varying'}]"
"ts.updateanalysisunitthickness","[{'name': '_thickness', 'type': 'double precision'}, {'name': '_analysisunitid', 'type': 'integer'}]"
"ts.updatechroncontrolanalysisunit","[{'name': '_analunitid', 'type': 'integer'}, {'name': '_chroncontrolid', 'type': 'integer'}]"
"ts.updatechroncontroltype","[{'name': '_chroncontroltypeid', 'type': 'integer'}, {'name': '_chroncontroltype', 'type': 'character varying'}]"
"ts.updatechronology","[{'name': '_ageboundyounger', 'type': 'integer DEFAULT NULL::integer'}, {'name': '_ageboundolder', 'type': 'integer DEFAULT NULL::integer'}, {'name': '_notes', 'type': 'character varying DEFAULT NULL::character varying'}, {'name': '_isdefault', 'type': 'boolean DEFAULT NULL::boolean'}, {'name': '_contactid', 'type': 'integer DEFAULT NULL::integer'}, {'name': '_agetype', 'type': 'character varying'}, {'name': '_chronologyid', 'type': 'integer'}, {'name': '_chronologyname', 'type': 'character varying DEFAULT NULL::character varying'}, {'name': '_dateprepared', 'type': 'character varying DEFAULT NULL::character varying'}, {'name': '_agemodel', 'type': 'character varying DEFAULT NULL::character varying'}]"
"ts.updatecollectionunit","[{'name': '_handle', 'type': 'character varying'}, {'name': '_notes', 'type': 'character varying DEFAULT NULL::character varying'}, {'name': '_location', 'type': 'character varying DEFAULT NULL::character varying'}, {'name': '_slopeangle', 'type': 'integer DEFAULT NULL::integer'}, {'name': '_slopeaspect', 'type': 'integer DEFAULT NULL::integer'}, {'name': '_substrateid', 'type': 'integer DEFAULT NULL::integer'}, {'name': '_waterdepth', 'type': 'double precision DEFAULT NULL::double precision'}, {'name': '_gpserror', 'type': 'double precision DEFAULT NULL::double precision'}, {'name': '_gpsaltitude', 'type': 'double precision DEFAULT NULL::double precision'}, {'name': '_gpslongitude', 'type': 'double precision DEFAULT NULL::double precision'}, {'name': '_gpslatitude', 'type': 'double precision DEFAULT NULL::double precision'}, {'name': '_colldevice', 'type': 'character varying DEFAULT NULL::character varying'}, {'name': '_colldate', 'type': 'date DEFAULT NULL::date'}, {'name': '_collunitname', 'type': 'character varying DEFAULT NULL::character varying'}, {'name': '_depenvtid', 'type': 'integer DEFAULT NULL::integer'}, {'name': '_colltypeid', 'type': 'integer DEFAULT NULL::integer'}, {'name': '_stewardcontactid', 'type': 'integer'}, {'name': '_collunitid', 'type': 'integer'}]"
"ts.updatecontact","[{'name': '_email', 'type': 'character varying DEFAULT NULL::character varying'}, {'name': '_fax', 'type': 'character varying DEFAULT NULL::character varying'}, {'name': '_contactid', 'type': 'integer'}, {'name': '_phone', 'type': 'character varying DEFAULT NULL::character varying'}, {'name': '_aliasid', 'type': 'integer DEFAULT NULL::integer'}, {'name': '_contactname', 'type': 'character varying DEFAULT NULL::character varying'}, {'name': '_statusid', 'type': 'integer DEFAULT NULL::integer'}, {'name': '_familyname', 'type': 'character varying DEFAULT NULL::character varying'}, {'name': '_initials', 'type': 'character varying DEFAULT NULL::character varying'}, {'name': '_givennames', 'type': 'character varying DEFAULT NULL::character varying'}, {'name': '_suffix', 'type': 'character varying DEFAULT NULL::character varying'}, {'name': '_notes', 'type': 'character varying DEFAULT NULL::character varying'}, {'name': '_address', 'type': 'character varying DEFAULT NULL::character varying'}, {'name': '_url', 'type': 'character varying DEFAULT NULL::character varying'}, {'name': '_title', 'type': 'character varying DEFAULT NULL::character varying'}]"
"ts.updatecontactaliasid","[{'name': '_contactid', 'type': 'integer'}, {'name': '_aliasid', 'type': 'integer'}]"
"ts.updatedata","[{'name': '_dataid', 'type': 'integer'}, {'name': '_value', 'type': 'double precision'}]"
"ts.updatedatasetname","[{'name': '_datasetname', 'type': 'character varying'}, {'name': '_datasetid', 'type': 'integer'}]"
"ts.updatedatasetnotes","[{'name': '_datasetid', 'type': 'integer'}, {'name': '_datasetnotes', 'type': 'character varying DEFAULT NULL::character varying'}]"
"ts.updatedatasetpubprimary","[{'name': '_primary', 'type': 'boolean'}, {'name': '_publicationid', 'type': 'integer'}, {'name': '_datasetid', 'type': 'integer'}]"
"ts.updatedatasetrepositorynotes","[{'name': '_repositoryid', 'type': 'integer'}, {'name': '_notes', 'type': 'character varying DEFAULT NULL::character varying'}, {'name': '_datasetid', 'type': 'integer'}]"
"ts.updatedatasettaxonnotes","[{'name': '_contactid', 'type': 'integer'}, {'name': '_datasetid', 'type': 'integer'}, {'name': '_taxonid', 'type': 'integer'}, {'name': '_date', 'type': 'character varying'}, {'name': '_notes', 'type': 'character varying'}]"
"ts.updatedatasetvariable","[{'name': '_sampleid1', 'type': 'integer'}, {'name': '_newvariableid', 'type': 'integer'}, {'name': '_oldvariableid', 'type': 'integer'}, {'name': '_sampleid2', 'type': 'integer'}]"
"ts.updatedatavariable","[{'name': '_datasetid', 'type': 'integer'}, {'name': '_contactid', 'type': 'integer'}, {'name': '_newvariableid', 'type': 'integer'}, {'name': '_oldvariableid', 'type': 'integer'}]"
"ts.updatedatavariableid","[{'name': '_oldvariableid', 'type': 'integer'}, {'name': '_newvariableid', 'type': 'integer'}]"
"ts.updatedatavariableid_deletevariable","[{'name': '_delvarid', 'type': 'integer'}, {'name': '_savevarid', 'type': 'integer'}]"
"ts.updatedepenvthigherid","[{'name': '_depenvthigherid', 'type': 'integer'}, {'name': '_depenvtid', 'type': 'integer'}]"
"ts.updatedepenvttype","[{'name': '_depenvthigherid', 'type': 'integer'}, {'name': '_depenvtid', 'type': 'integer'}, {'name': '_depenvt', 'type': 'character varying'}]"
"ts.updateevent","[{'name': '_c14age', 'type': 'double precision DEFAULT NULL::double precision'}, {'name': '_c14ageyounger', 'type': 'double precision DEFAULT NULL::double precision'}, {'name': '_c14ageolder', 'type': 'double precision DEFAULT NULL::double precision'}, {'name': '_calage', 'type': 'double precision DEFAULT NULL::double precision'}, {'name': '_calageyounger', 'type': 'double precision DEFAULT NULL::double precision'}, {'name': '_calageolder', 'type': 'double precision DEFAULT NULL::double precision'}, {'name': '_eventname', 'type': 'character varying'}, {'name': '_eventtypeid', 'type': 'integer'}, {'name': '_eventid', 'type': 'integer'}, {'name': '_notes', 'type': 'character varying DEFAULT NULL::character varying'}]"
"ts.updategeochron","[{'name': '_erroryounger', 'type': 'double precision DEFAULT NULL::double precision'}, {'name': '_geochronid', 'type': 'integer'}, {'name': '_geochrontypeid', 'type': 'integer'}, {'name': '_agetypeid', 'type': 'integer'}, {'name': '_age', 'type': 'double precision DEFAULT NULL::double precision'}, {'name': '_errorolder', 'type': 'double precision DEFAULT NULL::double precision'}, {'name': '_infinite', 'type': 'boolean DEFAULT false'}, {'name': '_labnumber', 'type': 'character varying DEFAULT NULL::character varying'}, {'name': '_materialdated', 'type': 'character varying DEFAULT NULL::character varying'}, {'name': '_notes', 'type': 'character varying DEFAULT NULL::character varying'}]"
"ts.updategeochronanalysisunit","[{'name': '_analysisunitid', 'type': 'integer'}, {'name': '_thickness', 'type': 'double precision DEFAULT NULL::double precision'}, {'name': '_analysisunitname', 'type': 'character varying DEFAULT NULL::character varying'}, {'name': '_geochronid', 'type': 'integer'}, {'name': '_depth', 'type': 'double precision DEFAULT NULL::double precision'}]"
"ts.updateissurfacesample","[{'name': '_issamp', 'type': 'boolean'}, {'name': '_datasetid', 'type': 'integer'}]"
"ts.updatelakeparam","[{'name': '_lakeparameter', 'type': 'character varying'}, {'name': '_siteid', 'type': 'integer'}, {'name': '_stewardcontactid', 'type': 'integer'}, {'name': '_value', 'type': 'numeric DEFAULT NULL::numeric'}]"
"ts.updatepublication","[{'name': '_country', 'type': 'character varying DEFAULT NULL::character varying'}, {'name': '_state', 'type': 'character varying DEFAULT NULL::character varying'}, {'name': '_citation', 'type': 'character varying DEFAULT NULL::character varying'}, {'name': '_title', 'type': 'character varying DEFAULT NULL::character varying'}, {'name': '_journal', 'type': 'character varying DEFAULT NULL::character varying'}, {'name': '_vol', 'type': 'character varying DEFAULT NULL::character varying'}, {'name': '_year', 'type': 'character varying DEFAULT NULL::character varying'}, {'name': '_voltitle', 'type': 'character varying DEFAULT NULL::character varying'}, {'name': '_url', 'type': 'character varying DEFAULT NULL::character varying'}, {'name': '_publisher', 'type': 'character varying DEFAULT NULL::character varying'}, {'name': '_servol', 'type': 'character varying DEFAULT NULL::character varying'}, {'name': '_sertitle', 'type': 'character varying DEFAULT NULL::character varying'}, {'name': '_notes', 'type': 'character varying DEFAULT NULL::character varying'}, {'name': '_origlang', 'type': 'character varying DEFAULT NULL::character varying'}, {'name': '_doi', 'type': 'character varying DEFAULT NULL::character varying'}, {'name': '_citnumber', 'type': 'character varying DEFAULT NULL::character varying'}, {'name': '_pages', 'type': 'character varying DEFAULT NULL::character varying'}, {'name': '_issue', 'type': 'character varying DEFAULT NULL::character varying'}, {'name': '_publicationid', 'type': 'integer'}, {'name': '_pubtypeid', 'type': 'integer'}, {'name': '_edition', 'type': 'character varying DEFAULT NULL::character varying'}, {'name': '_numvol', 'type': 'character varying DEFAULT NULL::character varying'}, {'name': '_booktitle', 'type': 'character varying DEFAULT NULL::character varying'}, {'name': '_city', 'type': 'character varying DEFAULT NULL::character varying'}]"
"ts.updatepublicationauthor","[{'name': '_suffix', 'type': 'character varying'}, {'name': '_authorid', 'type': 'integer'}, {'name': '_contactid', 'type': 'integer'}, {'name': '_publicationid', 'type': 'integer'}, {'name': '_familyname', 'type': 'character varying'}, {'name': '_authororder', 'type': 'integer'}, {'name': '_initials', 'type': 'character varying'}]"
"ts.updatepublicationeditor","[{'name': '_suffix', 'type': 'character varying'}, {'name': '_editorid', 'type': 'integer'}, {'name': '_publicationid', 'type': 'integer'}, {'name': '_editororder', 'type': 'integer'}, {'name': '_familyname', 'type': 'character varying'}, {'name': '_initials', 'type': 'character varying'}]"
"ts.updatepublicationtranslator","[{'name': '_publicationid', 'type': 'integer'}, {'name': '_translatorid', 'type': 'integer'}, {'name': '_suffix', 'type': 'character varying'}, {'name': '_familyname', 'type': 'character varying'}, {'name': '_translatororder', 'type': 'integer'}, {'name': '_initials', 'type': 'character varying'}]"
"ts.updateradiocarbon","[{'name': '_reservoir', 'type': 'double precision DEFAULT NULL::double precision'}, {'name': '_geochronid', 'type': 'integer'}, {'name': '_radiocarbonmethodid', 'type': 'integer DEFAULT NULL::integer'}, {'name': '_percentc', 'type': 'double precision DEFAULT NULL::double precision'}, {'name': '_percentn', 'type': 'double precision DEFAULT NULL::double precision'}, {'name': '_delta13c', 'type': 'double precision DEFAULT NULL::double precision'}, {'name': '_delta15n', 'type': 'double precision DEFAULT NULL::double precision'}, {'name': '_percentcollagen', 'type': 'double precision DEFAULT NULL::double precision'}]"
"ts.updaterelativeage","[{'name': '_calageolder', 'type': 'double precision DEFAULT NULL::double precision'}, {'name': '_relativeageunitid', 'type': 'integer'}, {'name': '_c14ageolder', 'type': 'double precision DEFAULT NULL::double precision'}, {'name': '_calageyounger', 'type': 'double precision DEFAULT NULL::double precision'}, {'name': '_notes', 'type': 'character varying DEFAULT NULL::character varying'}, {'name': '_relativeageid', 'type': 'integer'}, {'name': '_c14ageyounger', 'type': 'double precision DEFAULT NULL::double precision'}, {'name': '_relativeage', 'type': 'character varying'}, {'name': '_relativeagescaleid', 'type': 'integer'}]"
"ts.updatesampleanalysisunit","[{'name': '_analunitid', 'type': 'integer'}, {'name': '_sampleid', 'type': 'integer'}]"
"ts.updatesamplelabnumber","[{'name': '_sampleid', 'type': 'integer'}, {'name': '_labnumber', 'type': 'character varying DEFAULT NULL::character varying'}]"
"ts.updatesite","[{'name': '_west', 'type': 'numeric DEFAULT NULL::numeric'}, {'name': '_siteid', 'type': 'integer'}, {'name': '_stewardcontactid', 'type': 'integer'}, {'name': '_sitename', 'type': 'character varying DEFAULT NULL::character varying'}, {'name': '_descript', 'type': 'character varying DEFAULT NULL::character varying'}, {'name': '_area', 'type': 'numeric DEFAULT NULL::numeric'}, {'name': '_altitude', 'type': 'integer DEFAULT NULL::integer'}, {'name': '_south', 'type': 'numeric DEFAULT NULL::numeric'}, {'name': '_notes', 'type': 'character varying DEFAULT NULL::character varying'}, {'name': '_north', 'type': 'numeric DEFAULT NULL::numeric'}, {'name': '_east', 'type': 'numeric DEFAULT NULL::numeric'}]"
"ts.updatesitegeopol","[{'name': '_siteid', 'type': 'integer'}, {'name': '_stewardcontactid', 'type': 'integer'}, {'name': '_oldgeopolid', 'type': 'integer'}, {'name': '_newgeopolid', 'type': 'integer'}]"
"ts.updatesitegeopoldelete","[{'name': '_stewardcontactid', 'type': 'integer'}, {'name': '_siteid', 'type': 'integer'}, {'name': '_geopoliticalid', 'type': 'integer'}]"
"ts.updatesitegeopolinsert","[{'name': '_siteid', 'type': 'integer'}, {'name': '_stewardcontactid', 'type': 'integer'}, {'name': '_geopoliticalid', 'type': 'integer'}]"
"ts.updatesitelatlon","[{'name': '_north', 'type': 'numeric'}, {'name': '_south', 'type': 'numeric'}, {'name': '_west', 'type': 'numeric'}, {'name': '_east', 'type': 'numeric'}, {'name': '_stewardcontactid', 'type': 'integer'}, {'name': '_siteid', 'type': 'integer'}]"
"ts.updatespecimendatetaxonid","[{'name': '_newtaxonid', 'type': 'integer'}, {'name': '_oldtaxonid', 'type': 'integer'}]"
"ts.updatespecimennisp","[{'name': '_contactid', 'type': 'integer'}, {'name': '_specimenid', 'type': 'integer'}, {'name': '_nisp', 'type': 'double precision'}]"
"ts.updatesynonymtypeid","[{'name': '_synonymid', 'type': 'integer'}, {'name': '_synonymtypeid', 'type': 'integer'}]"
"ts.updatesynonymy","[{'name': '_notes', 'type': 'character varying DEFAULT NULL::character varying'}, {'name': '_fromcontributor', 'type': 'boolean DEFAULT false'}, {'name': '_datesynonymized', 'type': 'date DEFAULT NULL::date'}, {'name': '_synonymyid', 'type': 'integer'}, {'name': '_reftaxonid', 'type': 'integer'}, {'name': '_contactid', 'type': 'integer DEFAULT NULL::integer'}, {'name': '_publicationid', 'type': 'integer DEFAULT NULL::integer'}]"
"ts.updatetaphonomicsystemnotes","[{'name': '_notes', 'type': 'character varying'}, {'name': '_taphonomicsystemid', 'type': 'integer'}]"
"ts.updatetaxonauthor","[{'name': '_taxonid', 'type': 'integer'}, {'name': '_author', 'type': 'character varying DEFAULT NULL::character varying'}]"
"ts.updatetaxoncode","[{'name': '_taxoncode', 'type': 'character varying'}, {'name': '_taxonid', 'type': 'integer'}]"
"ts.updatetaxonextinct","[{'name': '_taxonid', 'type': 'integer'}, {'name': '_extinct', 'type': 'boolean'}]"
"ts.updatetaxonhighertaxonid","[{'name': '_highertaxonid', 'type': 'integer'}, {'name': '_taxonid', 'type': 'integer'}]"
"ts.updatetaxonhighertaxonidtonull","[{'name': '_taxonid', 'type': 'integer'}]"
"ts.updatetaxonname","[{'name': '_taxonid', 'type': 'integer'}, {'name': '_taxonname', 'type': 'character varying'}]"
"ts.updatetaxonnotes","[{'name': '_taxonid', 'type': 'integer'}, {'name': '_notes', 'type': 'character varying DEFAULT NULL::character varying'}]"
"ts.updatetaxonpublicationid","[{'name': '_publicationid', 'type': 'integer DEFAULT NULL::integer'}, {'name': '_taxonid', 'type': 'integer'}]"
"ts.updatetaxonvalidation","[{'name': '_validatedate', 'type': 'character varying'}, {'name': '_validatorid', 'type': 'integer'}, {'name': '_taxonid', 'type': 'integer'}]"
"ts.updatetaxonvalidity","[{'name': '_valid', 'type': 'boolean'}, {'name': '_taxonid', 'type': 'integer'}]"
"ts.updatevariabletaxonid","[{'name': '_newtaxonid', 'type': 'integer'}, {'name': '_variableid', 'type': 'integer'}]"
"ts.validatesteward","[{'name': '_username', 'type': 'character varying'}, {'name': '_pwd', 'type': 'character varying'}]"
"ts.validateusername","[{'name': '_username', 'type': 'character varying'}, {'name': '_username', 'type': 'character varying'}]"
